,Unnamed: 0,Unnamed: 0.1,Movie Title,Worldwide,Budget,%,Foreign,%.1,Score_Rotten,Score_Audience,Rating,Director,Producer,Release Date (Theaters),Box Office (Gross USA),averageRating,numVotes,titleType,originalTitle,isAdult,startYear,runtimeMinutes,genres
0,0,0,Avengers: Infinity War,2048359754,678815482,33.1,1369544272,66.9,85.0,91.0,PG-13,"AnthonyRusso,JoeRusso",KevinFeige,4-27-2018,678800000.0,8.5,999520,movie,Avengers: Infinity War,0,2018,149,"Action,Adventure,Sci-Fi"
1,1,1,Black Panther,1346913161,700059566,52,646853595,48,96.0,79.0,PG-13,RyanCoogler,KevinFeige,2-16-2018,700200000.0,7.3,714730,movie,Black Panther,0,2018,134,"Action,Adventure,Sci-Fi"
2,2,2,Jurassic World: Fallen Kingdom,1308467944,417719760,31.9,890748184,68.1,47.0,48.0,PG-13,JuanAntonioBayona,"FrankMarshall,BelénAtienza,PatrickCrowley",6-22-2018,416700000.0,6.2,295072,movie,Jurassic World: Fallen Kingdom,0,2018,128,"Action,Adventure,Sci-Fi"
3,3,3,Incredibles 2,1242805359,608581744,49,634223615,51,93.0,84.0,PG,BradBird,"JohnWalker,NicoleParadisGrindle",6-15-2018,608600000.0,7.6,282733,movie,Incredibles 2,0,2018,118,"Action,Adventure,Animation"
4,4,4,Aquaman,1148461807,335061807,29.2,813400000,70.8,65.0,73.0,PG-13,JamesWan,"PeterSafran,RobCowan",12-21-2018,335000000.0,6.9,437856,movie,Aquaman,0,2018,143,"Action,Adventure,Fantasy"
5,5,5,Bohemian Rhapsody,903655259,216428042,24,687227217,76,60.0,85.0,PG-13,BryanSinger,"GrahamKing,JimBeach,PeterOberth",11-2-2018,216300000.0,8.0,512505,movie,Bohemian Rhapsody,0,2018,134,"Biography,Drama,Music"
6,6,6,Venom,856085151,213515506,24.9,642569645,75.1,30.0,81.0,PG-13,RubenFleischer,"AviArad,MatthewTolmach,AmyPascal",10-5-2018,213500000.0,6.7,460725,movie,Venom,0,2018,112,"Action,Adventure,Sci-Fi"
7,7,7,Mission: Impossible - Fallout,791115104,220159104,27.8,570956000,72.2,97.0,88.0,PG-13,ChristopherMcQuarrie,"TomCruise,ChristopherMcQuarrie,JakeMyers,J.J.Abrams",7-27-2018,220100000.0,7.7,319150,movie,Mission: Impossible - Fallout,0,2018,147,"Action,Adventure,Thriller"
8,8,8,Deadpool 2,734546611,318491426,43.4,416055185,56.6,84.0,85.0,R,DavidLeitch,"RyanReynolds,SimonKinberg,LaurenShulerDonner",5-18-2018,324300000.0,7.7,548302,movie,Deadpool 2,0,2018,119,"Action,Adventure,Comedy"
9,9,9,Fantastic Beasts: The Crimes of Grindelwald,654855901,159555901,24.4,495300000,75.6,36.0,54.0,PG-13,DavidYates,"DavidHeyman,LionelWigram,SteveKloves,J.K.Rowling",11-16-2018,159400000.0,6.5,255280,movie,Fantastic Beasts: The Crimes of Grindelwald,0,2018,134,"Adventure,Family,Fantasy"
10,10,10,Ant-Man and the Wasp,622674139,216648740,34.8,406025399,65.2,87.0,81.0,PG-13,PeytonReed,"KevinFeige,StephenBroussard",7-6-2018,216600000.0,7.0,373994,movie,Ant-Man and the Wasp,0,2018,118,"Action,Adventure,Comedy"
11,11,11,Ready Player One,582890172,137690172,23.6,445200000,76.4,72.0,77.0,PG-13,StevenSpielberg,"StevenSpielberg,DonaldDeLine,DanFarah,KristieMacoskoKrieger",3-29-2018,137000000.0,7.4,417822,movie,Ready Player One,0,2018,140,"Action,Adventure,Sci-Fi"
12,12,12,Operation Red Sea,579330426,1543547,0.3,577786879,99.7,80.0,64.0,,DanteLam,"ZakariaAlaoui,DongYu",2-23-2018,1500000.0,6.6,7027,movie,Hong hai xing dong,0,2018,142,"Action,Drama,Thriller"
13,13,13,Detective Chinatown 2,544185156,1983984,0.4,542201172,99.6,54.0,66.0,R,ChenSiCheng,,2-16-2018,1500000.0,6.1,2504,movie,Tang ren jie tan an 2,0,2018,121,"Action,Comedy,Mystery"
14,14,14,The Meg,530243742,145443742,27.4,384800000,72.6,45.0,42.0,PG-13,JonTurteltaub,"LorenzodiBonaventura,ColinWilson,BelleAvery",8-10-2018,142800000.0,5.6,166085,movie,The Meg,0,2018,113,"Action,Horror,Sci-Fi"
15,15,15,Hotel Transylvania 3: Summer Vacation,528583774,167510016,31.7,361073758,68.3,62.0,48.0,PG,GenndyTartakovsky,MichelleMurdocca,7-13-2018,167500000.0,6.3,70524,movie,Hotel Transylvania 3: Summer Vacation,0,2018,97,"Adventure,Animation,Comedy"
16,16,16,The Grinch,511595957,270620950,52.9,240975007,47.1,59.0,51.0,PG,"ScottMosier,YarrowCheney","JanetHealy,ChristopherMeledandri",11-9-2018,270900000.0,6.3,67608,movie,The Grinch,0,2018,85,"Adventure,Animation,Comedy"
17,17,17,Bumblebee,467989645,127195589,27.2,340794056,72.8,90.0,74.0,PG-13,TravisKnight,"LorenzodiBonaventura,TomDeSanto,DonMurphy,MichaelBay,MarkVahradian",12-21-2018,127200000.0,6.7,158336,movie,Bumblebee,0,2018,114,"Action,Adventure,Sci-Fi"
18,18,18,Dying to Survive,451176639,-,-,451176639,100,86.0,94.0,,MuyeWen,,8-9-2019,3.2K,7.9,5927,movie,Wo bu shi yao shen,0,2018,117,"Comedy,Drama"
19,19,19,A Star Is Born,436188866,215288866,49.4,220900000,50.6,90.0,79.0,R,BradleyCooper,"BillGerber,JonPeters,BradleyCooper,ToddPhillips,LynetteHowellTaylor",10-5-2018,215300000.0,7.6,370906,movie,A Star Is Born,0,2018,136,"Drama,Music,Romance"
20,20,20,Rampage,428028233,101028233,23.6,327000000,76.4,51.0,72.0,PG-13,BradPeyton,"BeauFlynn,JohnRickard,BradPeyton,HiramGarcia",4-13-2018,99300000.0,6.1,161488,movie,Rampage,0,2018,107,"Action,Adventure,Sci-Fi"
21,21,21,Mamma Mia! Here We Go Again,395044706,120634935,30.5,274409771,69.5,79.0,66.0,PG-13,OlParker,"JudyCraymer,GaryGoetzman",7-20-2018,120600000.0,6.6,91467,movie,Mamma Mia! Here We Go Again,0,2018,114,"Comedy,Musical,Romance"
22,22,22,Solo: A Star Wars Story,392924807,213767512,54.4,179157295,45.6,69.0,64.0,PG-13,RonHoward,"KathleenKennedy,AllisonShearmur,SimonEmanuel",5-25-2018,213800000.0,6.9,328318,movie,Solo: A Star Wars Story,0,2018,135,"Action,Adventure,Sci-Fi"
23,23,23,Spider-Man: Into the Spider-Verse,375540831,190241310,50.7,185299521,49.3,97.0,93.0,PG,"BobPersichetti,PeterRamsey,RodneyRothman","AviArad,AmyPascal,PhilLord,ChrisMiller,ChristinaSteinberg",12-14-2018,190200000.0,8.4,481494,movie,Spider-Man: Into the Spider-Verse,0,2018,117,"Action,Adventure,Animation"
24,24,24,Fifty Shades Freed,371985018,100407760,27,271577258,73,11.0,37.0,R,JamesFoley,"MichaelDeLuca,E.L.James,DanaBrunetti,MarcusViscidi",2-9-2018,100400000.0,4.5,63452,movie,Fifty Shades Freed,0,2018,105,"Drama,Romance,Thriller"
25,25,25,Hello Mr. Billionaire,366961907,-,-,366961907,100,,,,,,,,6.1,2024,movie,Xi hong shi shou fu,0,2018,118,Comedy
26,26,26,The Nun,365550119,117450119,32.1,248100000,67.9,24.0,35.0,R,CorinHardy,"JamesWan,PeterSafran",9-7-2018,117400000.0,5.3,135588,movie,The Nun,0,2018,96,"Horror,Mystery,Thriller"
27,27,27,Monster Hunt 2,361682618,706153,0.2,360976465,99.8,50.0,52.0,,RamanHui,"DorisTse,ChungManYee",2-16-2018,681.1K,5.4,1680,movie,Zhuo yao ji 2,0,2018,110,"Adventure,Comedy,Fantasy"
28,28,28,Peter Rabbit,351266433,115253424,32.8,236013009,67.2,63.0,56.0,PG,WillGluck,"WillGluck,ZarehNalbandian",2-9-2018,115200000.0,6.6,41555,movie,Peter Rabbit,0,2018,95,"Adventure,Animation,Comedy"
29,29,29,Mary Poppins Returns,349537494,171958438,49.2,177579056,50.8,80.0,65.0,PG,RobMarshall,"RobMarshall,JohnDeLuca,MarcPlatt",12-19-2018,172000000.0,6.7,86145,movie,Mary Poppins Returns,0,2018,130,"Adventure,Comedy,Family"
30,30,30,A Quiet Place,340939361,188024361,55.1,152915000,44.9,96.0,83.0,PG-13,JohnKrasinski,"MichaelBay,AndrewForm,BradFuller",4-6-2018,68400000.0,7.5,503125,movie,A Quiet Place,0,2018,90,"Drama,Horror,Sci-Fi"
31,31,31,Green Book,321752656,85080171,26.4,236672485,73.6,77.0,91.0,PG-13,PeterFarrelly,"JimBurke,CharlesB.Wessler,PeterFarrelly,BrianCurrie,NickVallelonga",11-21-2018,85100000.0,8.2,458573,movie,Green Book,0,2018,130,"Biography,Comedy,Drama"
32,32,32,Skyscraper,304868961,68420120,22.4,236448841,77.6,48.0,68.0,PG-13,RawsonMarshallThurber,"BeauFlynn,DwayneJohnson,RawsonMarshallThurber,HiramGarcia",7-13-2018,67800000.0,5.8,119197,movie,Skyscraper,0,2018,102,"Action,Adventure,Thriller"
33,33,33,Ocean's Eight,297718711,140218711,47.1,157500000,52.9,68.0,46.0,PG-13,GaryRoss,"StevenSoderbergh,SusanEkins",6-8-2018,139400000.0,6.3,210575,movie,Ocean's Eight,0,2018,110,"Action,Comedy,Crime"
34,34,34,Pacific Rim: Uprising,290930148,59874525,20.6,231055623,79.4,42.0,38.0,PG-13,StevenS.DeKnight,"MaryParent,CaleBoyter,GuillermodelToro,JohnBoyega,FemiOguns,ThomasTull,JonJashni",3-23-2018,59200000.0,5.6,114695,movie,Pacific Rim: Uprising,0,2018,111,"Action,Adventure,Sci-Fi"
35,35,35,Maze Runner: The Death Cure,288175335,58032443,20.1,230142892,79.9,43.0,58.0,PG-13,WesBall,"EllenGoldsmith-Vein,WyckGodfrey,MartyBowen,LeeStollman",1-26-2018,57400000.0,6.2,132376,movie,Maze Runner: The Death Cure,0,2018,143,"Action,Adventure,Sci-Fi"
36,36,36,Tomb Raider,274650803,58250803,21.2,216400000,78.8,52.0,55.0,PG-13,RoarUthaug,GrahamKing,3-16-2018,57300000.0,6.3,209380,movie,Tomb Raider,0,2018,119,"Action,Adventure,Fantasy"
37,37,37,Halloween,255485178,159342015,62.4,96143163,37.6,28.0,59.0,R,RobZombie,"RobZombie,MalekAkkad,AndyGould",8-31-2007,58300000.0,6.5,144593,movie,Halloween,0,2018,106,"Crime,Horror,Thriller"
38,38,38,Crazy Rich Asians,238532921,174532921,73.2,64000000,26.8,91.0,76.0,PG-13,JonM.Chu,"NinaJacobson,BradSimpson,JohnPenotti",8-15-2018,174500000.0,6.9,164919,movie,Crazy Rich Asians,0,2018,120,"Comedy,Drama,Romance"
39,39,39,Creed II,214215889,115715889,54,98500000,46,83.0,79.0,PG-13,StevenCapleJr.,"SylvesterStallone,KevinKingTempleton,CharlesWinkler,WilliamChartoff,DavidWinkler,IrwinWinkler",11-21-2018,115700000.0,7.1,120058,movie,Creed II,0,2018,130,"Drama,Sport"
40,40,40,Smallfoot,214040103,83240103,38.9,130800000,61.1,76.0,62.0,PG,KareyKirkpatrick,"BonneRadford,GlennFicarra,JohnRequa",9-28-2018,83200000.0,6.6,38539,movie,Smallfoot,0,2018,96,"Adventure,Animation,Comedy"
41,41,41,Us and Them,209221380,-,-,209221380,100,60.0,64.0,,JoeMartin,DanielleClark,3-16-2018,,7.4,4053,movie,Hou lai de wo men,0,2018,120,"Drama,Romance"
42,42,42,The Island,198326350,670883,0.3,197655467,99.7,39.0,63.0,,MichaelBay,,,,6.2,1651,movie,Yi chu hao xi,0,2018,134,"Comedy,Drama"
43,43,43,The Island,198326350,670883,0.3,197655467,99.7,39.0,63.0,,MichaelBay,,,,5.1,37,movie,The Island,0,2018,94,"Action,Thriller"
44,44,44,Christopher Robin,197744377,99215042,50.2,98529335,49.8,72.0,83.0,PG,MarcForster,"BrighamTaylor,KristinBurr",8-3-2018,99200000.0,7.2,75694,movie,Christopher Robin,0,2018,104,"Adventure,Comedy,Drama"
45,45,45,The Equalizer 2,190400157,102084362,53.6,88315795,46.4,52.0,60.0,R,AntoineFuqua,"ToddBlack,JasonBlumenthal,DenzelWashington,AntoineFuqua,AlexSiskin,SteveTisch,MaceNeufeld,TonyEldridge,MichaelSloan",7-20-2018,102000000.0,6.7,153306,movie,The Equalizer 2,0,2018,121,"Action,Crime,Thriller"
46,46,46,Project Gutenberg,188116796,-,-,188116796,100,83.0,77.0,,UnknownDirector,,,,6.8,4394,movie,Mou seung,0,2018,130,"Action,Crime,Mystery"
47,47,47,The Mule,174804407,103804407,59.4,71000000,40.6,,,,,,,,7.0,132070,movie,The Mule,0,2018,116,"Crime,Drama,Thriller"
48,48,48,The Nutcracker and the Four Realms,173961069,54858851,31.5,119102218,68.5,32.0,34.0,PG,"LasseHallström,JoeJohnston","MarkGordon,LarryJ.Franco",11-2-2018,54800000.0,5.5,32916,movie,The Nutcracker and the Four Realms,0,2018,99,"Adventure,Family,Fantasy"
49,49,49,Insidious: The Last Key,167885588,67745330,40.4,100140258,59.6,33.0,50.0,PG-13,AdamRobitel,"JasonBlum,OrenPeli,JamesWan",1-5-2018,67300000.0,5.7,58685,movie,Insidious: The Last Key,0,2018,103,"Horror,Mystery,Thriller"
50,50,50,The Predator,160542134,51024708,31.8,109517426,68.2,33.0,33.0,R,ShaneBlack,JohnDavis,9-14-2018,51000000.0,5.3,126050,movie,The Predator,0,2018,107,"Action,Adventure,Sci-Fi"
51,51,51,Johnny English Strikes Again,158970776,4412170,2.8,154558606,97.2,37.0,49.0,PG,DavidKerr,"ChrisClark,TimBevan,EricFellner,RowanAtkinson,RaphaëlBenoliel",10-26-2018,4300000.0,6.2,71900,movie,Johnny English Strikes Again,0,2018,89,"Action,Adventure,Comedy"
52,52,52,Red Sparrow,151572634,46874505,30.9,104698129,69.1,45.0,49.0,R,FrancisLawrence,"PeterChernin,DavidReady,JennoTopping,StevenZaillian",3-2-2018,46700000.0,6.6,181750,movie,Red Sparrow,0,2018,140,"Action,Drama,Thriller"
53,53,53,More Than Blue,142958164,722669,0.5,142235495,99.5,,67.0,,GavinLin,,3-15-2019,721.8K,6.2,1140,movie,Bi bei shang geng bei shang de gu shi,0,2018,105,Romance
54,54,54,The First Purge,137056262,69488745,50.7,67567517,49.3,56.0,27.0,R,GerardMcMurray,"JasonBlum,MichaelBay,AndrewForm,BradFuller,SebastienK.Lemercier",7-4-2018,68900000.0,5.2,62356,movie,The First Purge,0,2018,97,"Action,Horror,Sci-Fi"
55,55,55,How Long Will I Love U,136796719,746933,0.5,136049786,99.5,,86.0,,LunXu,,5-25-2018,740.1K,6.4,1009,movie,Chao shi kong tong ju,0,2018,101,"Comedy,Fantasy,Romance"
56,56,56,A Wrinkle in Time,132675864,100478608,75.7,32197256,24.3,42.0,26.0,PG,AvaDuVernay,"JamesWhitaker,CatherineHand",3-9-2018,100500000.0,4.2,44297,movie,A Wrinkle in Time,0,2018,109,"Adventure,Family,Fantasy"
57,57,57,The House with a Clock in Its Walls,131457147,68549695,52.1,62907452,47.9,65.0,45.0,PG,EliRoth,"BradleyJ.Fischer,JamesVanderbilt,EricKripke",9-21-2018,68500000.0,6.0,50688,movie,The House with a Clock in Its Walls,0,2018,105,"Comedy,Family,Fantasy"
58,58,58,Instant Family,120556201,67363237,55.9,53192964,44.1,81.0,82.0,PG-13,SeanAnders,"MarkWahlberg,StephenLevinson,SeanAnders,JohnMorris,MarcD.Evans",11-16-2018,67300000.0,7.3,103375,movie,Instant Family,0,2018,118,"Comedy,Drama"
59,59,59,A Cool Fish,118153135,551876,0.5,117601259,99.5,20.0,88.0,,RaoXiaozhi,,11-16-2018,551.2K,6.9,1669,movie,Wu ming zhi bei,0,2018,109,Comedy
60,60,60,Game Night,117679066,69179066,58.8,48500000,41.2,85.0,77.0,R,"JohnFrancisDaley,JonathanM.Goldstein","JohnDavis,JasonBateman,JohnFox,JamesGaravente",2-23-2018,69000000.0,6.9,227825,movie,Game Night,0,2018,100,"Action,Adventure,Comedy"
61,61,61,Dragon Ball Super: Broly,115757940,30712119,26.5,85045821,73.5,82.0,92.0,PG,TatsuyaNagamine,,1-16-2019,30000000.0,7.8,25976,movie,Doragon bôru chô: Burorî,0,2018,100,"Action,Adventure,Animation"
62,62,62,The Monkey King 3,115084576,187074,0.2,114897502,99.8,29.0,47.0,,Pou-SoiCheang,,2-16-2018,,5.5,1442,movie,Xi you ji zhi nü er guo,0,2018,114,"Action,Adventure,Family"
63,63,63,First Man,105697415,44936545,42.5,60760870,57.5,87.0,67.0,PG-13,DamienChazelle,"WyckGodfrey,MartyBowen,IsaacKlausner,DamienChazelle",10-12-2018,44800000.0,7.3,183776,movie,First Man,0,2018,141,"Biography,Drama,History"
64,64,64,Book Club,104438188,68566296,65.7,35871892,34.3,54.0,51.0,PG-13,BillHolderman,"AndrewDuncan,AlexSaks,BillHolderman,ErinSimms",5-18-2018,68500000.0,6.1,27713,movie,Book Club,0,2018,104,"Comedy,Drama,Romance"
65,65,65,Night School,103105878,77339130,75,25766748,25,26.0,38.0,PG-13,MalcolmD.Lee,"WillPacker,KevinHart",9-28-2018,77200000.0,5.6,39891,movie,Night School,0,2018,111,Comedy
66,66,66,Detective Conan: Zero the Enforcer,101860359,-,-,101860359,100,,83.0,,YuzuruTachikawa,,,,6.2,1514,movie,Meitantei Conan: Zero no Shikkônin,0,2018,115,"Action,Adventure,Animation"
67,67,67,Alpha,98203196,35857181,36.5,62346015,63.5,81.0,71.0,PG-13,AlbertHughes,"AndrewRona,AlbertHughes",8-17-2018,35900000.0,6.7,61241,movie,Alpha,0,2018,96,"Action,Adventure,Drama"
68,68,68,Along With the Gods: The Last 49 Days,97962238,1200246,1.2,96761992,98.8,44.0,77.0,,KimYong-hwa,ChoiJiseon,8-1-2018,1200000.0,7.1,6957,movie,Sin-gwa ham-kke: In-gwa yeon,0,2018,142,"Action,Drama,Fantasy"
69,69,69,A Simple Favor,97644617,53548586,54.8,44096031,45.2,84.0,73.0,R,PaulFeig,"PaulFeig,JessieHenderson",9-14-2018,53500000.0,6.8,144387,movie,A Simple Favor,0,2018,117,"Comedy,Crime,Mystery"
70,70,70,Boonie Bears: The Big Shrink,96845907,-,-,96845907,100,,,,,,,,5.4,206,movie,Boonie Bears: The Big Shrink,0,2018,90,Animation
71,71,71,The Favourite,95918706,34366783,35.8,61551923,64.2,93.0,70.0,R,YorgosLanthimos,"YorgosLanthimos,CeciDempsey,EdGuiney,LeeMagiday",12-14-2018,34200000.0,7.5,193355,movie,The Favourite,0,2018,119,"Biography,Comedy,Drama"
72,72,72,Truth or Dare,95330493,41411015,43.4,53919478,56.6,,25.0,,NickSimon,"LisaRiley,LisaM.Hansen",,,5.2,54132,movie,Truth or Dare,0,2018,100,"Horror,Thriller"
73,73,73,Kill Mobile,94870905,-,-,94870905,100,,,,MiaoYu,,,,5.6,341,movie,Lai dian kuang xiang,0,2018,90,Drama
74,74,74,I Feel Pretty,94539426,48795601,51.6,45743825,48.4,35.0,35.0,PG-13,"AbbyKohn,MarcSilverstein","AlissaPhillips,DominicRustam,NicolasChartier,AmySchumer,MaryViola,McG",4-20-2018,48800000.0,5.6,53052,movie,I Feel Pretty,0,2018,110,"Comedy,Romance"
75,75,75,Blockers,94017294,60311495,64.1,33705799,35.9,84.0,51.0,R,KayCannon,"EvanGoldberg,SethRogen,JamesWeaver,JonHurwitz,HaydenSchlossberg,ChrisFenton",4-6-2018,59800000.0,6.2,78062,movie,Blockers,0,2018,102,Comedy
76,76,76,BlacKkKlansman,93400823,49275340,52.8,44125483,47.2,96.0,83.0,R,SpikeLee,"SeanMcKittrick,RaymondMansfield,JasonBlum,JordanPeele,SpikeLee,ShaunRedick",8-10-2018,48600000.0,7.5,253916,movie,BlacKkKlansman,0,2018,135,"Biography,Comedy,Crime"
77,77,77,Goosebumps 2: Haunted Halloween,93320380,46700633,50,46619747,50,47.0,36.0,PG,AriSandel,"DeborahA.Forte,NealH.Moritz",10-12-2018,46700000.0,5.6,20528,movie,Goosebumps 2: Haunted Halloween,0,2018,90,"Adventure,Comedy,Fantasy"
78,78,78,Shadow,91708374,521396,0.6,91186978,99.4,97.0,89.0,PG,RichardAttenborough,"RichardAttenborough,BrianEastman",1-14-1994,25000000.0,7.0,15251,movie,Ying,0,2018,116,"Action,Adventure,Drama"
79,79,79,Overboard,91244913,50316123,55.1,40928790,44.9,23.0,54.0,PG-13,RobGreenberg,"EugenioDerbez,BenOdell,BobFisher",5-4-2018,50200000.0,6.0,37817,movie,Overboard,0,2018,112,"Comedy,Romance"
80,80,80,Sherlock Gnomes,90497778,43242871,47.8,47254907,52.2,27.0,36.0,PG,JohnStevenson,"SteveHamiltonShaw,DavidFurnish,CarolynSoper",3-23-2018,43100000.0,5.2,12063,movie,Sherlock Gnomes,0,2018,86,"Adventure,Animation,Comedy"
81,81,81,Detective Dee: The Four Heavenly Kings,90040771,262963,0.3,89777808,99.7,60.0,70.0,,HarkTsui,HarkTsui,7-27-2018,132.0K,6.3,2679,movie,Di Renjie zhi Sidatianwang,0,2018,132,"Action,Adventure,Drama"
82,82,82,"Hello, Mrs. Money",86874070,-,-,86874070,100,,,,YuhanWu,,10-5-2018,,4.7,289,movie,Li Cha de gu ma,0,2018,113,Comedy
83,83,83,Robin Hood,86489031,30824628,35.6,55664403,64.4,15.0,40.0,PG-13,OttoBathurst,"JenniferDavissonKilloran,LeonardoDiCaprio,HowardEllis",11-21-2018,30800000.0,5.3,71899,movie,Robin Hood,0,2018,116,"Action,Adventure,Drama"
84,84,84,Robin Hood,86489031,30824628,35.6,55664403,64.4,15.0,40.0,PG-13,OttoBathurst,"JenniferDavissonKilloran,LeonardoDiCaprio,HowardEllis",11-21-2018,30800000.0,7.6,5,movie,Robin Hood,0,2018,\N,\N
85,85,85,I Can Only Imagine,86086881,83482352,97,2604529,3,67.0,91.0,PG,"AndrewErwin,JonErwin","KevinDownes,CindyBond,DarylLefever,MickeyLiddell,PeteShilaimon",3-16-2018,83500000.0,7.3,15979,movie,I Can Only Imagine,0,2018,110,"Biography,Drama,Family"
86,86,86,Hidden Man,85170581,-,-,85170581,100,67.0,67.0,,WenJiang,,,,6.3,2081,movie,Xie bu ya zheng,0,2018,137,"Action,Crime,Drama"
87,87,87,Mortal Engines,83672673,15951040,19.1,67721633,80.9,26.0,48.0,PG-13,ChristianRivers,"ZaneWeiner,AmandaWalker,DeborahA.Forte,FranWalsh,PeterJackson",12-14-2018,15900000.0,6.1,122378,movie,Mortal Engines,0,2018,128,"Action,Adventure,Fantasy"
88,88,88,iPartment the Movie,81096321,-,-,81096321,100,,,,,,,,2.8,130,movie,Ai qing gong yu,0,2018,117,"Adventure,Comedy,Fantasy"
89,89,89,Doraemon the Movie: Nobita's Treasure Island,80920916,-,-,80920916,100,,,,,,,,6.8,757,movie,Doraemon Nobita no Takarajima,0,2018,108,"Adventure,Animation,Comedy"
90,90,90,Den of Thieves,80509622,44947622,55.8,35562000,44.2,42.0,62.0,R,ChristianGudegast,"MarkCanton,TuckerTooley,GerardButler,AlanSiegel",1-19-2018,44900000.0,7.0,106790,movie,Den of Thieves,0,2018,140,"Action,Crime,Drama"
91,91,91,Hereditary,80200936,44069456,54.9,36131480,45.1,89.0,68.0,R,AriAster,"KevinScottFrakes,LarsKnudsen,BuddyPatrick",6-8-2018,44100000.0,7.3,288300,movie,Hereditary,0,2018,127,"Drama,Horror,Mystery"
92,92,92,Code Blue: The Movie,78778562,-,-,78778562,100,,,,,,,,7.2,1271,movie,Code Blue: The Movie,0,2018,127,Drama
93,93,93,Tag,78130625,54730625,70.1,23400000,29.9,56.0,56.0,R,JeffTomsic,"ToddGarner,MarkSteilen",6-15-2018,54500000.0,6.5,129479,movie,Tag,0,2018,100,"Action,Comedy"
94,94,94,Sanju,76693052,7909317,10.3,68783735,89.7,44.0,78.0,,RajkumarHirani,"VinodChopra,RajkumarHirani",6-29-2018,7800000.0,7.8,52752,movie,Sanju,0,2018,155,"Biography,Comedy,Drama"
95,95,95,Vice,76073488,47836282,62.9,28237206,37.1,65.0,60.0,R,AdamMcKay,"MeganEllison,BradPitt,DedeGardner,JeremyKleiner,AdamMcKay,WillFerrell,KevinJ.Messick",12-25-2018,47800000.0,7.2,140775,movie,Vice,0,2018,132,"Biography,Comedy,Drama"
96,96,96,Widows,75984700,42402632,55.8,33582068,44.2,91.0,61.0,R,SteveMcQueen,"IainCanning,EmileSherman,SteveMcQueen,ArnonMilchan",11-16-2018,42400000.0,6.9,95493,movie,Widows,0,2018,129,"Crime,Drama,Thriller"
97,97,97,Sicario: Day of the Soldado,75837743,50072235,66,25765508,34,62.0,65.0,R,StefanoSollima,"BasilIwanyk,EdwardL.McDonnell,MollySmith,ThadLuckinbill,TrentLuckinbill",6-29-2018,50100000.0,7.1,142381,movie,Sicario: Day of the Soldado,0,2018,122,"Action,Adventure,Crime"
98,98,98,Searching,75462037,26020957,34.5,49441080,65.5,91.0,87.0,PG-13,AneeshChaganty,"TimurBekmambetov,SevOhanian,AdamSidman,NatalieQasabian",8-31-2018,26000000.0,7.6,158290,movie,Searching,0,2018,102,"Drama,Mystery,Thriller"
99,99,99,The Spy Who Dumped Me,75320680,33562069,44.6,41758611,55.4,49.0,56.0,R,SusannaFogel,"BrianGrazer,EricaHuggins",8-3-2018,33500000.0,6.0,76084,movie,The Spy Who Dumped Me,0,2018,117,"Action,Adventure,Comedy"
100,100,100,Animal World,74922830,-,-,74922830,100,69.0,77.0,,YanHan,,,,6.5,4379,movie,Dong wu shi jie,0,2018,132,"Action,Fantasy,Sci-Fi"
101,101,101,Animal World,74922830,-,-,74922830,100,69.0,77.0,,YanHan,,,,6.9,14,movie,Animal World,0,2018,132,"Comedy,Drama"
102,102,102,Amazing China,72506343,-,-,72506343,100,,,,,,,,1.6,3828,movie,"Li Hai Le, Wo De Guo",0,2018,90,Documentary
103,103,103,Second Act,72282227,39282227,54.3,33000000,45.7,44.0,43.0,PG-13,PeterSegal,"JenniferLopez,ElaineGoldsmith-Thomas,JustinZackham,BennyMedina",12-21-2018,39200000.0,5.8,26787,movie,Second Act,0,2018,103,"Comedy,Drama,Romance"
104,104,104,Shoplifters,67999335,3313513,4.9,64685822,95.1,45.0,69.0,,StephenKijak,"JoeManganiello,NickManganiello,LauraRister,AdamSchoon,MarcoVicini,ChristopherFigg,LorianneHall,PhilHoelting",3-26-2021,,7.9,73181,movie,Manbiki kazoku,0,2018,121,"Crime,Drama"
105,105,105,12 Strong,67450815,45819713,67.9,21631102,32.1,50.0,62.0,R,NicolaiFuglsig,"JerryBruckheimer,MollySmith,TrentLuckinbill,ThadLuckinbill",1-19-2018,44300000.0,6.5,77384,movie,12 Strong,0,2018,130,"Action,Drama,History"
106,106,106,"Love, Simon",66316289,40826341,61.6,25489948,38.4,92.0,88.0,PG-13,GregBerlanti,"WyckGodfrey,MartyBowen,PouyaShahbazian,IsaacKlausner",3-16-2018,40800000.0,7.6,110361,movie,"Love, Simon",0,2018,110,"Comedy,Drama,Romance"
107,107,107,Mile 22,66308758,36108758,54.5,30200000,45.5,23.0,44.0,R,PeterBerg,PeterBerg,8-17-2018,36100000.0,6.1,77338,movie,Mile 22,0,2018,94,"Action,Thriller"
108,108,108,Life of the Party,65859911,53059911,80.6,12800000,19.4,,,,MichaelBudd,"MichaelBudd,JessicaButland,RaymondJ.Daniel",9-14-2018,,7.0,75,movie,Life of the Party,0,2018,84,"Comedy,Drama"
109,109,109,Life of the Party,65859911,53059911,80.6,12800000,19.4,,,,MichaelBudd,"MichaelBudd,JessicaButland,RaymondJ.Daniel",9-14-2018,,5.6,36698,movie,Life of the Party,0,2018,105,Comedy
110,110,110,L Storm,64517456,-,-,64517456,100,,17.0,,DavidLam,RaymondBak-MingWong,,,5.7,536,movie,'L' fung bou,0,2018,97,"Action,Crime"
111,111,111,Capernaum,64417003,1661096,2.6,62755907,97.4,,,,,,,,8.4,83520,movie,Capharnaüm,0,2018,126,Drama
112,112,112,Isle of Dogs,64241499,32015231,49.8,32226268,50.2,90.0,87.0,PG-13,WesAnderson,"WesAnderson,ScottRudin,StevenRales,JeremyDawson",4-6-2018,31900000.0,7.8,162005,movie,Isle of Dogs,0,2018,101,"Adventure,Animation,Comedy"
113,113,113,Andhadhun,62475342,1193046,1.9,61282296,98.1,100.0,91.0,,SriramRaghavan,"AshokVashodia,SanjayRoutray",,1300000.0,8.2,88557,movie,Andhadhun,0,2018,139,"Comedy,Crime,Music"
114,114,114,Adrift,59945012,31445012,52.5,28500000,47.5,69.0,66.0,PG-13,BaltasarKormákur,"BaltasarKormákur,AaronKandell,JordanKandell,ShaileneWoodley",6-1-2018,31400000.0,6.6,54876,movie,Adrift,0,2018,96,"Action,Adventure,Biography"
115,115,115,The 15:17 to Paris,57076286,36276286,63.6,20800000,36.4,23.0,37.0,PG-13,ClintEastwood,"ClintEastwood,TimMoore,KristinaRivera,JessicaMeier",2-9-2018,36200000.0,5.3,32562,movie,The 15:17 to Paris,0,2018,94,"Biography,Drama,Thriller"
116,116,116,A or B,56239049,-,-,56239049,100,,,,,,,,5.4,293,movie,Mu Hou Wan Jia,0,2018,114,"Crime,Drama,Mystery"
117,117,117,Go Brother!,54663060,-,-,54663060,100,,,,,,,,6.4,460,movie,Kuai ba wo ge dai zou,0,2018,115,"Comedy,Fantasy"
118,118,118,Early Man,54622814,8267544,15.1,46355270,84.9,80.0,49.0,PG,NickPark,"CarlaShelley,RichardBeek,PeterLord,NickPark,DavidSproxton",2-16-2018,8199999.999999999,6.1,21760,movie,Early Man,0,2018,89,"Adventure,Animation,Comedy"
119,119,119,Peppermint,53918723,35418723,65.7,18500000,34.3,13.0,70.0,R,PierreMorel,"TomRosenberg,GaryLucchesi,RichardS.Wright,EricReid",9-7-2018,35400000.0,6.5,63843,movie,Peppermint,0,2018,101,"Action,Thriller"
120,120,120,Teen Titans GO! To the Movies,52090236,29790236,57.2,22300000,42.8,91.0,71.0,PG,"PeterRidaMichail,AaronHorvath","AaronHorvath,MichaelJelenic,PeggyRegan,PeterRidaMichail,WillArnett",7-27-2018,29600000.0,6.8,18879,movie,Teen Titans Go! To the Movies,0,2018,84,"Action,Adventure,Animation"
121,121,121,Slender Man,51738549,30569484,59.1,21169065,40.9,8.0,17.0,PG-13,SylvainWhite,"BradleyJ.Fischer,JamesVanderbilt,WilliamSherak,RobynMeisinger,SarahSnow",8-10-2018,30500000.0,3.2,33134,movie,Slender Man,0,2018,93,"Horror,Mystery,Thriller"
122,122,122,Breaking In,51411620,46840590,91.1,4571030,8.9,27.0,32.0,PG-13,JamesMcTeigue,"GabrielleUnion,CraigPerry,SheilaHanahanTaylor,JamesLopez,WillPacker",5-11-2018,46300000.0,5.4,15710,movie,Breaking In,0,2018,88,"Action,Thriller"
123,123,123,Cry Me a Sad River,51400614,-,-,51400614,100,,,,,,,,6.3,342,movie,Bei shang ni liu cheng he,0,2018,104,"Drama,Romance"
124,124,124,Simmba,51329025,5102129,9.9,46226896,90.1,27.0,40.0,,RohitShetty,"HirooJohar,RohitShetty,ApoorvaMehta,KaranJohar",12-28-2018,5100000.0,5.7,23205,movie,Simmba,0,2018,158,"Action,Comedy,Crime"
125,125,125,Family is Family,49954866,-,-,49954866,100,,,,,,,,5.7,3938,movie,La ch'tite famille,0,2018,107,Comedy
126,126,126,Death Wish,49562710,34017028,68.6,15545682,31.4,18.0,71.0,R,EliRoth,RogerBirnbaum,3-2-2018,34000000.0,6.3,71079,movie,Death Wish,0,2018,107,"Action,Crime,Drama"
127,127,127,The Magic Tuche,47427990,-,-,47427990,100,,,,,,,,4.6,1154,movie,Les Tuche 3,0,2018,95,Comedy
128,128,128,Golden Job,47287851,285795,0.6,47002056,99.4,,33.0,,KarLokChin,ZsófiaKende,9-28-2018,279.4K,5.7,1296,movie,Huang jin xiong di,0,2018,100,"Action,Adventure,Crime"
129,129,129,Mary Queen of Scots,46712809,16468499,35.3,30244310,64.7,62.0,41.0,R,JosieRourke,"TimBevan,EricFellner,DebraHayward",12-21-2018,16399999.999999998,6.3,49019,movie,Mary Queen of Scots,0,2018,124,"Biography,Drama,History"
130,130,130,Uncle Drew,46664414,42469946,91,4194468,9,60.0,48.0,PG-13,CharlesStoneIII,"MartyBowen,WyckGodfrey",6-29-2018,42500000.0,5.8,14074,movie,Uncle Drew,0,2018,103,"Comedy,Sport"
131,131,131,Acrimony,46403669,43549096,93.8,2854573,6.2,,,,,,,,5.8,8725,movie,Acrimony,0,2018,120,Thriller
132,132,132,Asterix: The Secret of the Magic Potion,45972321,1271953,2.8,44700368,97.2,65.0,71.0,,"AlexandreAstier,LouisClichy",,,,6.7,9419,movie,Astérix: Le secret de la potion magique,0,2018,87,"Adventure,Animation,Comedy"
133,133,133,Winchester,44019588,25091816,57,18927772,43,13.0,31.0,PG-13,"MichaelSpierig,PeterSpierig","TimMcGahan,BrettTomberlin",2-2-2018,25100000.0,5.4,33502,movie,Winchester,0,2018,99,"Drama,Fantasy,Horror"
134,134,134,Annihilation,43070915,32732301,76,10338614,24,88.0,66.0,R,AlexGarland,"ScottRudin,AndrewMacdonald,AllonReich,EliBush",2-23-2018,32700000.000000004,6.8,310537,movie,Annihilation,0,2018,115,"Adventure,Drama,Horror"
135,135,135,The Possession of Hannah Grace,43016528,14837422,34.5,28179106,65.5,18.0,26.0,R,DiederikVanRooijen,"ToddGarner,SeanRobins",11-30-2018,14800000.0,5.2,22201,movie,The Possession of Hannah Grace,0,2018,86,"Horror,Mystery,Thriller"
136,136,136,Long Day's Journey Into Night,42140994,521365,1.2,41619629,98.8,94.0,86.0,,SidneyLumet,"ElyLandau,JackJ.Dreyfus",,,7.1,7894,movie,Diqiu zuihou de yewan,0,2018,138,"Drama,Mystery,Romance"
137,137,137,Overlord,41657844,21704844,52.1,19953000,47.9,81.0,66.0,R,JuliusAvery,"J.J.Abrams,LindseyWeber",11-9-2018,21700000.0,6.6,96156,movie,Overlord,0,2018,110,"Action,Horror,Sci-Fi"
138,138,138,The Great Battle,41509280,472166,1.1,41037114,98.9,,,,YuriOzerov,,,,7.0,4936,movie,Ansisung,0,2018,136,"Action,Drama,History"
139,139,139,The Darkest Minds,41142379,12695691,30.9,28446688,69.1,15.0,72.0,PG-13,JenniferYuhNelson,"ShawnLevy,DanLevine",8-3-2018,12700000.0,5.7,31594,movie,The Darkest Minds,0,2018,104,"Action,Adventure,Drama"
140,140,140,"Lost, Found",41043552,-,-,41043552,100,,,,YueLü,FengXiao-Gang,,,6.5,309,movie,Zhao dao ni,0,2018,102,"Drama,Mystery"
141,141,141,Holmes & Watson,40466970,30573626,75.6,9893344,24.4,10.0,25.0,PG-13,EtanCohen,"WillFerrell,AdamMcKay,JimmyMiller,ClaytonTownsend",12-25-2018,30500000.0,3.9,35741,movie,Holmes & Watson,0,2018,90,"Comedy,Crime,Mystery"
142,142,142,Intimate Strangers,39576060,-,-,39576060,100,,82.0,,J.Q.Lee,,,,6.5,140,movie,Intimidade Entre Estranhos,0,2018,111,Drama
143,143,143,Intimate Strangers,39576060,-,-,39576060,100,,82.0,,J.Q.Lee,,,,6.9,1553,movie,Wanbyeokhan tain,0,2018,115,"Comedy,Drama"
144,144,144,Thugs of Hindostan,39570044,1449848,3.7,38120196,96.3,19.0,46.0,,VijayKrishnaAcharya,AdityaChopra,11-8-2018,2000000.0,4.1,19288,movie,Thugs of Hindostan,0,2018,164,"Action,Adventure"
145,145,145,Sink or Swim,39193850,-,-,39193850,100,,40.0,R,GaryRosen,"PaigeSimpson,JasonClark",,,6.9,10491,movie,Le grand bain,0,2018,121,"Comedy,Drama,Sport"
146,146,146,Show Dogs,39156854,17857020,45.6,21299834,54.4,16.0,26.0,PG,RajaGosnell,"DeepakNayar,PhilipvonAlvensleben",5-18-2018,17700000.0,3.9,4661,movie,Show Dogs,0,2018,92,"Adventure,Comedy,Crime"
147,147,147,Believer,39047153,365639,0.9,38681514,99.1,83.0,67.0,,LeeHae-young,ImSeung-yong,6-8-2018,365.6K,6.5,2383,movie,Dokjeon,0,2018,123,"Action,Crime,Thriller"
148,148,148,Believer,39047153,365639,0.9,38681514,99.1,83.0,67.0,,LeeHae-young,ImSeung-yong,6-8-2018,365.6K,7.3,882,movie,Believer,0,2018,101,"Documentary,Music"
149,149,149,The Spy Gone North,38844509,500803,1.3,38343706,98.7,100.0,93.0,,YoonJong-bin,Su-RanKuk,8-10-2018,500.8K,7.3,4925,movie,Gongjak,0,2018,137,"Drama,Thriller"
150,150,150,On the Basis of Sex,38673750,24622687,63.7,14051063,36.3,72.0,76.0,PG-13,MimiLeder,"RobertW.Cort,JonathanKing",1-11-2019,24700000.0,7.1,33463,movie,On the Basis of Sex,0,2018,120,"Biography,Drama"
151,151,151,Taxi 5,38598227,-,-,38598227,100,0.0,30.0,,FranckGastambide,LucBesson,,,4.7,9220,movie,Taxi 5,0,2018,102,"Action,Comedy,Crime"
152,152,152,Fat Buddies,37496410,-,-,37496410,100,,,,Bei-ErBao,,,,4.4,163,movie,Pang zi xing dong dui,0,2018,109,"Action,Comedy"
153,153,153,Till The End Of The World,37013733,118660,0.3,36895073,99.7,,70.0,,WuYouyin,,2-2-2018,53.5K,6.6,370,movie,Nan ji jue lian,0,2018,117,"Adventure,Drama"
154,154,154,2.0,36945969,4152000,11.2,32793969,88.8,58.0,70.0,,S.Shankar,"K.Karunamoorthy,GauravMisra,A.Subaskaran",,5500000.0,6.4,23652,movie,2.0,0,2018,148,"Action,Sci-Fi,Thriller"
155,155,155,Nothing to Lose,36075317,1016188,2.8,35059129,97.2,,60.0,R,IzidoreK.Musallam,,,,6.1,23013,movie,Nada a Perder,0,2018,134,"Biography,Drama"
156,156,156,T-34,35950901,-,-,35950901,100,,82.0,,AlekseySidorov,,,,6.8,12021,movie,T-34,0,2018,139,"Action,War"
157,157,157,Mia and the White Lion,35487190,399471,1.1,35087719,98.9,88.0,52.0,PG,GillesdeMaistre,,4-12-2019,400.3K,6.5,5284,movie,Mia et le lion blanc,0,2018,98,"Adventure,Drama,Family"
158,158,158,The Girl in the Spider's Web,35164920,14841338,42.2,20323582,57.8,38.0,36.0,R,FedeAlvarez,"ScottRudin,EliBush,OleSøndberg,SørenStærmose,BernaLevin,AmyPascal,ElizabethCantillon",11-9-2018,14800000.0,6.1,46757,movie,The Girl in the Spider's Web,0,2018,115,"Action,Crime,Drama"
159,159,159,The Hate U Give,34934009,29719483,85.1,5214526,14.9,97.0,83.0,PG-13,GeorgeTillmanJr.,"RobertTeitel,GeorgeTillmanJr.,MartyBowen,WyckGodfrey",10-19-2018,29600000.0,7.4,35337,movie,The Hate U Give,0,2018,133,"Crime,Drama"
160,160,160,Nobody's Fool,33705333,31713110,94.1,1992223,5.9,25.0,36.0,R,TylerPerry,"MarkE.Swinton,WillAreu",11-2-2018,31700000.0,4.9,7506,movie,Nobody's Fool,0,2018,110,"Comedy,Drama,Romance"
161,161,161,Baaghi 2,33139063,1319579,4,31819484,96,36.0,58.0,,AhmedKhan,SajidNadiadwala,3-30-2018,1300000.0,4.9,10428,movie,Baaghi 2,0,2018,137,"Action,Crime,Drama"
162,162,162,The Hurricane Heist,32517248,6115825,18.8,26401423,81.2,47.0,23.0,PG-13,RobCohen,,3-9-2018,6100000.0,5.1,20478,movie,The Hurricane Heist,0,2018,103,"Action,Adventure,Crime"
163,163,163,All About Me,31920159,-,-,31920159,100,,,,,,,,7.3,4354,movie,Der Junge muss an die frische Luft,0,2018,100,"Biography,Comedy,Drama"
164,164,164,Bad Times at the El Royale,31882724,17839115,56,14043609,44,74.0,73.0,R,DrewGoddard,"JeremyLatcham,DrewGoddard",10-12-2018,17800000.0,7.1,144201,movie,Bad Times at the El Royale,0,2018,141,"Crime,Drama,Mystery"
165,165,165,Hunter Killer,31672678,15767460,49.8,15905218,50.2,37.0,68.0,R,DonovanMarsh,"NealH.Moritz,TobyJaffe,AlanSiegel,GerardButler,TuckerTooley",10-26-2018,15700000.0,6.6,61554,movie,Hunter Killer,0,2018,121,"Action,Thriller"
166,166,166,Super Troopers 2,31626386,30617396,96.8,1008990,3.2,35.0,64.0,R,JayChandrasekhar,RichardPerello,4-20-2018,30600000.0,6.0,26210,movie,Super Troopers 2,0,2018,100,"Comedy,Crime,Mystery"
167,167,167,The Strangers: Prey at Night,31039126,24586708,79.2,6452418,20.8,40.0,35.0,R,JohannesRoberts,"JamesHarris,WayneMarcGodfrey,MarkLane,RobertJones,RyanKavanaugh",3-9-2018,24400000.0,5.2,30389,movie,The Strangers: Prey at Night,0,2018,85,Horror
168,168,168,Gintama 2: Rules are Made to be Broken,30896653,-,-,30896653,100,,,,,,,,6.4,1018,movie,Gintama 2: Okite wa yaburu tame ni koso aru,0,2018,134,"Action,Adventure,Comedy"
169,169,169,The Way of the Bug,30355804,-,-,30355804,100,,,,,,,,4.3,36,movie,The Way of the Bug,0,2018,99,Comedy
170,170,170,Clergy,30114115,-,-,30114115,100,,,,,,,,7.4,5621,movie,Kler,0,2018,133,Drama
171,171,171,Ice,29806210,-,-,29806210,100,77.0,82.0,PG,ChrisWedge,LoriForte,3-15-2002,176400000.0,6.9,3245,movie,Lyod,0,2018,113,"Drama,Musical,Romance"
172,172,172,Free Solo,29390279,17541090,59.7,11849189,40.3,97.0,93.0,PG-13,"ElizabethChaiVasarhelyi,JimmyChin","ElizabethChaiVasarhelyi,JimmyChin,EvanHayes,ShannonDill",9-28-2018,17500000.0,8.1,64699,movie,Free Solo,0,2018,100,"Adventure,Documentary,Sport"
173,173,173,Dark Figure of Crime,29176133,-,-,29176133,100,80.0,71.0,,KimTae-gyun,ShinYoung-il,,,6.7,2034,movie,Amsusarin,0,2018,110,"Crime,Drama"
174,174,174,Pad Man,29045020,1670192,5.8,27374828,94.2,74.0,90.0,PG-13,R.Balki,TwinkleKhanna,2-9-2018,1700000.0,8.0,25149,movie,Padman,0,2018,140,"Biography,Comedy,Drama"
175,175,175,Mirai,28756961,812794,2.8,27944167,97.2,90.0,80.0,PG,MamoruHosoda,YuichiroSaito,11-29-2018,682.2K,7.0,15216,movie,Mirai no Mirai,0,2018,98,"Adventure,Animation,Drama"
176,176,176,Default,27694043,203775,0.7,27490268,99.3,33.0,33.0,,SimónBrand,,10-17-2014,,6.7,1238,movie,Gukgabudo-ui nal,0,2018,114,"Drama,History"
177,177,177,The Happytime Murders,27506452,20706452,75.3,6800000,24.7,23.0,39.0,R,BrianHenson,"BrianHenson,JeffreyHayes,MelissaMcCarthy,BenFalcone",8-24-2018,20700000.0,5.4,27602,movie,The Happytime Murders,0,2018,91,"Action,Comedy,Crime"
178,178,178,Midnight Sun,27365467,9561064,34.9,17804403,65.1,21.0,55.0,PG-13,ScottSpeer,"JenGatien,TraceyJeffrey,JohnRickard,ZackSchiller",3-23-2018,9600000.0,6.6,29675,movie,Midnight Sun,0,2018,91,"Drama,Romance"
179,179,179,The Faces of My Gene,26796279,-,-,26796279,100,,,,,,,,3.7,151,movie,Zu zong shi jiu dai,0,2018,95,"Adventure,Comedy,Drama"
180,180,180,Badhaai Ho,26125610,-,-,26125610,100,92.0,83.0,,AmitRavindernathSharma,"HemantBhandari,VineetJain",,3100000.0,8.0,33256,movie,Badhaai ho,0,2018,124,"Comedy,Drama"
181,181,181,Hichki,26055222,330279,1.3,25724943,98.7,50.0,82.0,,SiddharthP.Malhotra,ManeeshSharma,3-23-2018,736.6K,7.6,12126,movie,Hichki,0,2018,116,"Comedy,Drama"
182,182,182,White Boy Rick,25957482,24011188,92.5,1946294,7.5,57.0,51.0,R,YannDemange,"JohnLesher,JulieYorn,ScottFranklin,DarrenAronofsky",9-14-2018,24000000.0,6.5,36406,movie,White Boy Rick,0,2018,111,"Crime,Drama"
183,183,183,"Paul, Apostle of Christ",25915966,17560475,67.8,8355491,32.2,46.0,81.0,PG-13,AndrewHyatt,"TerenceBerden,DavidZelon",3-23-2018,17500000.0,6.6,8415,movie,"Paul, Apostle of Christ",0,2018,108,"Adventure,Biography,Drama"
184,184,184,Champions,25730347,-,-,25730347,100,,,,DavidWike,"BenFreedman,LisaMuskat",,,7.2,10034,movie,Campeones,0,2018,124,"Comedy,Drama,Family"
185,185,185,Keys To The Heart,25375866,75134,0.3,25300732,99.7,,80.0,,Sung-HyunChoi,"JuSeoung-Hwan,YoonJe-kyoon",,,7.4,1095,movie,Geugeotmani Nae Sesang,0,2018,120,"Comedy,Drama,Family"
186,186,186,Stan & Ollie,24420923,5470235,22.4,18950688,77.6,92.0,83.0,PG,JonS.Baird,FayeWard,1-25-2019,5500000.0,7.2,36589,movie,Stan & Ollie,0,2018,98,"Biography,Comedy,Drama"
187,187,187,The Witch: Part 1 - The Subversion,24340302,-,-,24340302,100,,,,,,,,7.2,9724,movie,Manyeo,0,2018,125,"Action,Mystery"
188,188,188,The Accidental Detective 2: In Action,24243825,179045,0.7,24064780,99.3,,73.0,,LeeEonhui,JeongJonghun,6-22-2018,174.7K,6.5,704,movie,Tam jeong 2,0,2018,116,"Comedy,Crime,Thriller"
189,189,189,Killing for the Prosecution,23929620,-,-,23929620,100,,67.0,,MasatoHarada,,,,6.3,928,movie,Kensatsu gawa no zainin,0,2018,123,Mystery
190,190,190,Pokémon the Movie: The Power of Us,23740788,789170,3.3,22951618,96.7,71.0,66.0,,TetsuoYajima,DinaHawana,,,6.2,2589,movie,Gekijouban Poketto monsutâ: Minna no Monogatari,0,2018,100,"Action,Adventure,Animation"
191,191,191,The Guernsey Literary and Potato Peel Pie Society,23148937,-,-,23148937,100,81.0,80.0,,MikeNewell,"GrahamBroadbent,PeterCzernin,MitchellKaplan,PaulaMazur",,,7.3,44530,movie,The Guernsey Literary and Potato Peel Pie Society,0,2018,124,"Drama,Romance,War"
192,192,192,The Crimes That Bind,23144130,-,-,23144130,100,,,,,,,,7.0,1205,movie,Inori no maku ga oriru toki,0,2018,119,"Mystery,Thriller"
193,193,193,Padmaavat,22991060,11846060,51.5,11145000,48.5,56.0,63.0,,SanjayLeelaBhansali,,1-25-2018,12000000.0,7.1,31134,movie,Padmaavat,0,2018,164,"Drama,History,Romance"
194,194,194,Won't You Be My Neighbor?,22844741,22835787,100,8954,<0.1,97.0,94.0,PG-13,MorganNeville,"CarynCapotosto,NicholasMa",6-29-2018,22600000.0,8.3,25161,movie,Won't You Be My Neighbor?,0,2018,95,"Biography,Documentary"
195,195,195,Europe Raiders,22435156,-,-,22435156,100,,10.0,,JingleMa,"JackyYeeWahPang,Kar-WaiWong",,,4.8,453,movie,Ou Zhou gong lue,0,2018,101,"Action,Comedy,Crime"
196,196,196,Mojin: The Worm Valley,22381583,101516,0.5,22280067,99.5,,40.0,,XingFei,,1-4-2019,85.1K,4.7,535,movie,Yun nan chong gu,0,2018,110,"Action,Adventure,Fantasy"
197,197,197,Stree,22075730,-,-,22075730,100,,,,,,,,7.6,32910,movie,Stree,0,2018,128,"Comedy,Horror"
