Unnamed: 0,Movie Title,Release-Date,moviename,release_date,budget,year,cleaned_budget,cleaned_release_date,rd
1,Alice in Wonderland,2010-03-05,,,,,,,2010-03-05
42,Step Up,2010-08-06,,,,,,,2010-08-06
63,Aftershock,,Aftershock,"
22 July 2010 (2010-07-22)
",less than $25 million,2010.0,25000000.0,2010-07-22,2010-07-22
64,Umizaru 3: The Last Message,,Umizaru 3: The Last Message,"
September 18, 2010 (2010-09-18) (Japan)
",,2010.0,,2010-09-18,2010-09-18
72,Bayside Shakedown 3: Set the Guys Loose,,Bayside Shakedown 3: Set the Guys Loose,,,2010.0,,,
80,If You Are the One 2,,If You Are the One 2,"
December 22, 2010 (2010-12-22)
",,2010.0,,2010-12-22,2010-12-22
83,Pokémon: Zoroark: Master of Illusions,,,,,,,,
84,A Turtle's Tale: Sammy's Adventures,,A Turtle's Tale: Sammy's Adventures,,,2010.0,,,
99,Veda - Atatürk,,,,,,,,
111,Heartbreaker,,Heartbreaker,"
17 March 2010 (2010-03-17)
",$10 million,2010.0,10000000.0,2010-03-17,2010-03-17
113,StreetDance 2,,StreetDance 2,"
30 March 2012 (2012-03-30) (United Kingdom)
",£7 million,2012.0,7000000.0,2012-03-30,2012-03-30
115,The Man from Nowhere,,The Man from Nowhere,"
August 4, 2010 (2010-08-04)
",,2010.0,,2010-08-04,2010-08-04
120,SP: The Motion Picture I,,SP: The Motion Picture I,,,2011.0,,,
121,Kokkuri-san: Gekijô-ban,,,,,,,,
123,Detective Conan: The Lost Ship in the Sky,,Detective Conan: The Lost Ship in the Sky,,,2010.0,,,
124,Secret Reunion,,Secret Reunion,"
4 February 2010 (2010-02-04)
",,2010.0,,2010-02-04,2010-02-04
129,The Extraordinary Adventures of Adèle Blanc-Sec,,,,,,,,
130,Camping 2,,Camping 2,,,2010.0,,,
131,Arthur 3: The War of the Two Worlds,,Arthur 3: The War of the Two Worlds,"
October 13, 2010 (2010-10-13) (France)
March 22, 2011 (2011-03-22) (United States)
",€65 million($91 million),2010.0,91000000.0,2011-03-22,2011-03-22
136,Sacrifice,,Sacrifice,"
23 October 2020 (2020-10-23) (Mainland China)
19 November 2020 (2020-11-19) (Hong Kong)
",,2020.0,,2020-11-19,2020-11-19
137,The Lady Shogun and Her Men,,The Lady Shogun and Her Men,,,2010.0,,,
144,Liar Game: The Final Stage,,Liar Game: The Final Stage,,,2010.0,,,
147,Da Xiao Jiang Hu,,Da Xiao Jiang Hu,,,2010.0,,,
148,Act of Vengeance,,Act of Vengeance,"
5 November 2010 (2010-11-05)
","$21,000,000 million",2010.0,21000000000000.0,2010-11-05,2010-11-05
149,Under the Hawthorn Tree,,Under the Hawthorn Tree,"
15 September 2010 (2010-09-15)
",,2010.0,,2010-09-15,2010-09-15
150,Recep Ivedik 3,,Recep Ivedik 3,"
February 12, 2010 (2010-02-12)
",,2010.0,,2010-02-12,2010-02-12
152,22 Bullets,,22 Bullets,"
24 March 2010 (2010-03-24)
",$20 million,2010.0,20000000.0,2010-03-24,2010-03-24
153,Inazuma Eleven GO the Movie: The Ultimate Bonds Gryphon,,Inazuma Eleven GO the Movie: The Ultimate Bonds Gryphon,,,2010.0,,,
157,Astral City: A Spiritual Journey,,Astral City: A Spiritual Journey,"
September 3, 2010 (2010-09-03)
","$10,000,000",2010.0,10000000.0,2010-09-03,2010-09-03
158,71: Into the Fire,,71: Into the Fire,"
June 16, 2010 (2010-06-16)
",,2010.0,,2010-06-16,2010-06-16
161,How Not to Rescue a Princess,,How Not to Rescue a Princess,,,2010.0,,,
162,About Her Brother,,About Her Brother,,,2010.0,,,
163,Trick the Movie: Psychic Battle Royale,,Trick the Movie: Psychic Battle Royale,,,2010.0,,,
166,Hot Summer Days,,Hot Summer Days,,,2010.0,,,
168,The Servant,1964-03-16,,,,,,,1964-03-16
169,Norwegian Wood,2012-01-06,,,,,,,2012-01-06
170,Head Over Heels,,Head Over Heels,,,2012.0,,,
232,Hankyu Railways - A 15-minute Miracle,,Hankyu Railways - A 15-minute Miracle,,,2011.0,,,
242,Rien à déclarer,,,,,,,,
243,Season of the Witch,2011-01-07,,,,,,,2011-01-07
268,What a Beautiful Day,,What a Beautiful Day,,,2011.0,,,
271,Beginning of the Great Revival,,Beginning of the Great Revival,,,2011.0,,,
276,A Ghost of a Chance,,A Ghost of a Chance,"
October 29, 2011 (2011-10-29)
",,2011.0,,2011-10-29,2011-10-29
277,War of the Arrows,,War of the Arrows,"
August 11, 2011 (2011-08-11)
",,2011.0,,2011-08-11,2011-08-11
278,Kokowääh,,,,,,,,
283,Detective Conan: Quarter of Silence,,Detective Conan: Quarter of Silence,"
April 16, 2011 (2011-04-16)[1]
",,2011.0,,2011-04-16,2011-04-16
290,Gantz,,Gantz,"Gantz:
January 29, 2011 (2011-01-29) (Japan)

Gantz: Perfect Answer:
April 23, 2011 (2011-04-23) (Japan)
",2.1 billion yen (total),2011.0,100000000.0,2011-04-23,2011-04-23
292,SP: The Motion Picture II,,SP: The Motion Picture II,,,2011.0,,,
295,Eiga Kaibutsukun,,Eiga Kaibutsukun,,,2011.0,,,
308,Gantz: Perfect Answer,,Gantz: Perfect Answer,"Gantz:
January 29, 2011 (2011-01-29) (Japan)

Gantz: Perfect Answer:
April 23, 2011 (2011-04-23) (Japan)
",2.1 billion yen (total),2011.0,100000000.0,2011-04-23,2011-04-23
309,Detective K: Secret of Virtuous Widow,,Detective K: Secret of Virtuous Widow,"
27 January 2011 (2011-01-27)
",,2011.0,,2011-01-27,2011-01-27
312,"All's Well, Ends Well 2011",,"All's Well, Ends Well 2011","
2 February 2011 (2011-02-02)[1]
",,2011.0,,2011-02-02,2011-02-02
316,Doraemon: Nobita and the New Steel Troops: ~Winged Angels~,,Doraemon: Nobita and the New Steel Troops: ~Winged Angels~,"
March 5, 2011 (2011-03-05)
",,2011.0,,2011-03-05,2011-03-05
318,My Own Swordsman,,My Own Swordsman,"
January 26, 2011 (2011-01-26)
",,2011.0,,2011-01-26,2011-01-26
319,You Are the Apple of My Eye,,You Are the Apple of My Eye,"
25 June 2011 (2011-06-25) (Taipei Film Festival)
19 August 2011 (2011-08-19) (Taiwan)
",NT$50 million (approx. US$1.7 million),2011.0,7000000.0,2011-08-19,2011-08-19
320,Torrente 4,,Torrente 4,,,2011.0,,,
322,Unfair: The Answer,,Unfair: The Answer,"
September 17, 2011 (2011-09-17) (Japan)
",,2011.0,,2011-09-17,2011-09-17
323,Yolki 2,,,,,,,,
325,The Women on the 6th Floor,,The Women on the 6th Floor,"
23 October 2010 (2010-10-23) (Première)
16 February 2011 (2011-02-16) (France)
",$7 million ,2011.0,7000000.0,2011-02-16,2011-02-16
326,A Monster in Paris,,A Monster in Paris,"
12 October 2011 (2011-10-12) (France)
16 December 2011 (2011-12-16) (United States)
",$32 million ,2011.0,32000000.0,2011-12-16,2011-12-16
327,Ivan Tsarevich & the Grey Wolf,,Ivan Tsarevich & the Grey Wolf,,,2011.0,,,
330,Eyyvah Eyvah 2,,Eyyvah Eyvah 2,"
26 February 2010 (2010-02-26)
",,2011.0,,2010-02-26,2010-02-26
331,In His Chart,,In His Chart,,,2011.0,,,
334,Andalucia: Revenge of the Goddess,,Andalucia: Revenge of the Goddess,"
25 June 2011 (2011-06-25)
",,2011.0,,2011-06-25,2011-06-25
335,Qualunquemente,,Qualunquemente,"
January 21, 2011 (2011-01-21)
",,2011.0,,2011-01-21,2011-01-21
336,Friends: Naki on the Monster Island,,Friends: Naki on the Monster Island,"
17 December 2011 (2011-12-17) (Japan)
",,2011.0,,2011-12-17,2011-12-17
337,Kamen Rider OOO Wonderful: The Shogun and the 21 Core Medals,,Kamen Rider OOO Wonderful: The Shogun and the 21 Core Medals,,,2011.0,,,
338,Gooische vrouwen,,Gooische vrouwen,"
10 March 2011 (2011-03-10) (Netherlands)
25 June 2011 (2011-06-25) (France)
",€2.5 million,2011.0,5000000.0,2011-06-25,2011-06-25
339,The Immature,,,,,,,,
340,K-On! The Movie,,K-On! The Movie,,,2011.0,,,
341,Vicky and the Treasure of the Gods,,Vicky and the Treasure of the Gods,"
29 September 2011 (2011-09-29)
",,2011.0,,2011-09-29,2011-09-29
342,The Front Line,,The Front Line,"
20 July 2011 (2011-07-20)
",,2011.0,,2011-07-20,2011-07-20
343,Polisse,2012-05-18,,,,,,,2012-05-18
344,Hollywoo,2006-09-08,,,,,,,2006-09-08
345,Scabbard Samurai,,Scabbard Samurai,,,2011.0,,,
346,Kaiji 2: The Ultimate Gambler,,Kaiji 2: The Ultimate Gambler,,,2011.0,,,
361,Les Misérables,2012-12-25,,,,,,,2012-12-25
385,Lost in Thailand,,Lost in Thailand,"
December 12, 2012 (2012-12-12)
[1]",US$4.6 million,2012.0,6000000.0,2012-12-12,2012-12-12
390,Chinese Zodiac,,Chinese Zodiac,,,2012.0,,,
418,Brave Hearts: Umizaru,,Brave Hearts: Umizaru,"
July 13, 2012 (2012-07-13) (Japan)
",,2012.0,,2012-07-13,2012-07-13
426,The Grey,2012-01-27,,,,,,,2012-01-27
428,Thermae Romae,,Thermae Romae,"
April 26, 2014 (2014-04-26) (Japan)
",,2014.0,,2014-04-26,2014-04-26
429,One Piece Film Z,,One Piece Film Z,"
December 15, 2012 (2012-12-15)
",,2012.0,,2012-12-15,2012-12-15
432,Bayside Shakedown the Final,,Bayside Shakedown the Final,"
September 7, 2012 (2012-09-07)
",,2012.0,,2012-09-07,2012-09-07
438,Astérix and Obélix: God Save Britannia,,,,,,,,
439,Evangelion: 3.0 You Can (Not) Redo,,Evangelion: 3.0 You Can (Not) Redo,"
November 17, 2012 (2012-11-17)
",,0.0,,2012-11-17,2012-11-17
446,Wolf Children,,Wolf Children,"
June 25, 2012 (2012-06-25) (France)
July 21, 2012 (2012-07-21) (Japan)
",,2012.0,,2012-07-21,2012-07-21
451,HOUBA! On the Trail of the Marsupilami,,HOUBA! On the Trail of the Marsupilami,"
4 April 2012 (2012-04-04)
",€ 39.4 million,2012.0,4000000.0,2012-04-04,2012-04-04
452,Tad: The Lost Explorer,,Tad: The Lost Explorer,"
5 June 2012 (2012-06-05) (AIAFF)[1]
31 August 2012 (2012-08-31) (Spain)[2]
",€8 million,2012.0,8000000.0,2012-08-31,2012-08-31
453,A Turtle's Tale 2: Sammy's Escape from Paradise,,A Turtle's Tale 2: Sammy's Escape from Paradise,,,2012.0,,,
456,A Werewolf Boy,,A Werewolf Boy,"
September 11, 2012 (2012-09-11) (TIFF)
October 31, 2012 (2012-10-31) (South Korea)
",,2012.0,,2012-10-31,2012-10-31
457,Doraemon: Nobita and the Island of Miracles ~Animal Adventure~,,Doraemon: Nobita and the Island of Miracles ~Animal Adventure~,"
March 3, 2018 (2018-03-03)
",,2012.0,,2018-03-03,2018-03-03
458,Detective Conan: The Eleventh Striker,,,,,,,,
463,La vérité si je mens! 3,,,,,,,,
466,Rurouni Kenshin Part I: Origins,,Rurouni Kenshin Part I: Origins,"
June 4, 2021 (2021-06-04) (Japan)
July 30, 2021 (Worldwide)",,2012.0,,2021-06-04,2021-06-04
467,Conquest 1453,,Conquest 1453,"
February 16, 2012 (2012-02-16)
",$18.2 million,2012.0,2000000.0,2012-02-16,2012-02-16
470,Welcome to the North,,Welcome to the North,,,2012.0,,,
475,Adventures in Zambezia,,Adventures in Zambezia,"
3 July 2012 (2012-07-03)
",R173 million ($20 million),2012.0,20000000.0,2012-07-03,2012-07-03
477,Three Heroes on Distant Shores,,Three Heroes on Distant Shores,,,2012.0,,,
481,Bait,,Bait,"
5 September 2012 (2012-09-05) (Italy)
20 September 2012 (2012-09-20) (Australia)
29 November 2012 (2012-11-29) (Singapore)
",$20 million,2012.0,20000000.0,2012-11-29,2012-11-29
483,Nameless Gangster: Rules of the Time,,Nameless Gangster: Rules of the Time,"
February 2, 2012 (2012-02-02)
",US$4 million,2012.0,4000000.0,2012-02-02,2012-02-02
486,The Floating Castle,,The Floating Castle,"
November 2, 2012 (2012-11-02)
",,2012.0,,2012-11-02,2012-11-02
487,The Dream Team,,The Dream Team,,,2012.0,,,
491,The Grand Heist,,The Grand Heist,"
8 August 2012 (2012-08-08)
",₩8.5 billion,2012.0,500000000.0,2012-08-08,2012-08-08
494,All About My Wife,,All About My Wife,"
May 17, 2012 (2012-05-17)
",,2012.0,,2012-05-17,2012-05-17
496,SPEC: Heaven,,SPEC: Heaven,,,2012.0,,,
497,We Were There: True Love,,We Were There: True Love,,,2012.0,,,
501,Architecture 101,,Architecture 101,"
March 22, 2012 (2012-03-22)
",,2012.0,,2012-03-22,2012-03-22
502,Lesson of the Evil,,Lesson of the Evil,"
November 9, 2012 (2012-11-09) (Rome Film Festival)
November 10, 2012 (2012-11-10) (Japan)
",,2012.0,,2012-11-10,2012-11-10
503,Agneepath,,Agneepath,"
26 January 2012 (2012-01-26)
",₹58 crore (US$7.6 million),2012.0,6000000.0,2012-01-26,2012-01-26
504,Rust and Bone,,Rust and Bone,"
17 May 2012 (2012-05-17) (France & Belgium)
",€15.4 million($20 million),2012.0,20000000.0,2012-05-17,2012-05-17
505,Head Over Heels 2,,Head Over Heels 2,,,2012.0,,,
507,Herutâ sukerutâ,,,,,,,,
508,The Last Tycoon,,The Last Tycoon,"
22 December 2012 (2012-12-22) (Mainland China)
3 January 2013 (2013-01-03) (Hong Kong)
",,2012.0,,2013-01-03,2013-01-03
509,Housefull 2,,Housefull 2,"
5 April 2012 (2012-04-05)
",₹450 million,2012.0,450000000.0,2012-04-05,2012-04-05
512,Liar Game: Reborn,,Liar Game: Reborn,"
March 3, 2012 (2012-03-03) (Japan)
",,2012.0,,2012-03-03,2012-03-03
513,Türkisch für Anfänger,,,,,,,,
515,"Little Brother, Big Trouble: A Christmas Adventure",,"Little Brother, Big Trouble: A Christmas Adventure","
12 October 2012 (2012-10-12)
 (Finland)9 August 2013 (Japan)","7,316,273 €",2012.0,7316273.0,2012-10-12,2012-10-12
517,Hotaru the Movie: It's Only a Little Light in My Life,,Hotaru the Movie: It's Only a Little Light in My Life,"
16 April 1988 (1988-04-16)
",,2012.0,,1988-04-16,1988-04-16
518,Kon-Tiki,1951-04-03,,,,,,,1951-04-03
520,Unbowed,,Unbowed,,,2012.0,,,
521,Confession of Murder,,Confession of Murder,"
November 8, 2012 (2012-11-08)
",,2012.0,,2012-11-08,2012-11-08
522,Beasts of the Southern Wild,2012-06-27,,,,,,,2012-06-27
562,The Secret Life of Walter Mitty,2013-12-25,,,,,,,2013-12-25
586,Young Detective Dee: Rise of the Sea Dragon,,Young Detective Dee: Rise of the Sea Dragon,,,2013.0,,,
598,American Dreams in China,,American Dreams in China,"
May 17, 2013 (2013-05-17) (China)
",,2013.0,,2013-05-17,2013-05-17
601,Finding Mr. Right,,Finding Mr. Right,"
14 February 2013 (2013-02-14) (Hong Kong)
21 March 2013 (2013-03-21) (China)
",¥30 million yuan (US$5 million),2013.0,5000000.0,2013-03-21,2013-03-21
602,The Fighter Pilot,,The Fighter Pilot,,,2013.0,,,
603,The Attorney,,The Attorney,,,2013.0,,,
607,Suck Me Shakespeer,,Suck Me Shakespeer,"
29 October 2013 (2013-10-29)
",€5 million,2017.0,5000000.0,2013-10-29,2013-10-29
613,Sole a catinelle,,Sole a catinelle,"
October 31, 2013 (2013-10-31)[1][2]
",,2013.0,,2013-10-31,2013-10-31
616,Stalingrad,,Stalingrad,"
27 September 2013 (2013-09-27) (Volgograd)
10 October 2013 (2013-10-10) (Russia)[1]
31 October 2013 (2013-10-31) (China)
21 February 2014 (2014-02-21) (UK)
28 February 2014 (2014-02-28) (US)
",$30 million,2013.0,30000000.0,2014-02-28,2014-02-28
629,Firestorm,,Firestorm,"
12 December 2013 (2013-12-12) (China)
19 December 2013 (2013-12-19) (Hong Kong)
","US$20,000,000",2013.0,20000000.0,2013-12-19,2013-12-19
640,Tiny Times 2.0,,Tiny Times 2.0,"
August 8, 2013 (2013-08-08)
",,2013.0,,2013-08-08,2013-08-08
644,Badges of Fury,,Badges of Fury,"
21 June 2013 (2013-06-21)
",,2013.0,,2013-06-21,2013-06-21
647,The White Storm,,The White Storm,"
25 October 2013 (2013-10-25) (Hong Kong Asian Film Festival)
29 November 2013 (2013-11-29) (China)
5 December 2013 (2013-12-05) (Hong Kong)
","US$16,000,000",2019.0,16000000.0,2013-12-05,2013-12-05
649,Secretly Greatly,,Secretly Greatly,"
5 June 2013 (2013-06-05)
",,2013.0,,2013-06-05,2013-06-05
650,"The Chef, The Actor, The Scoundrel",,"The Chef, The Actor, The Scoundrel","
29 March 2013 (2013-03-29) (China)
",,2013.0,,2013-03-29,2013-03-29
651,Doraemon: Nobita's Secret Gadget Museum,,Doraemon: Nobita's Secret Gadget Museum,,,2013.0,,,
654,Lupin III vs. Detective Conan: The Movie,,Lupin III vs. Detective Conan: The Movie,,,2013.0,,,
656,Antoine and Sebastian,,Antoine and Sebastian,"
21 September 2013 (2013-09-21) (SSIFF)
",,2013.0,,2013-09-21,2013-09-21
657,Cold Eyes,,Cold Eyes,"
July 3, 2013 (2013-07-03)
",US$4.5 million,2013.0,5000000.0,2013-07-03,2013-07-03
658,Detective Conan: Private Eye in the Distant Sea,,Detective Conan: Private Eye in the Distant Sea,,,2013.0,,,
659,Dügün Dernek,,,,,,,,
662,Blind Detective,,Blind Detective,"
19 May 2013 (2013-05-19) (Cannes Film Festival)[1]
4 July 2013 (2013-07-04) (Hong Kong and China)
","HK$85,000,000 (US$10.9 Million)",2013.0,9.0,2013-07-04,2013-07-04
666,Midsummer's Equation,,Midsummer's Equation,"
June 29, 2013 (2013-06-29) (Japan)
",,2013.0,,2013-06-29,2013-06-29
668,The After-Dinner Mysteries,,The After-Dinner Mysteries,,,2013.0,,,
671,101 Proposals,,101 Proposals,,,2013.0,,,
672,A Wedding Invitation,,A Wedding Invitation,"
April 12, 2013 (2013-04-12) (China)
",,2013.0,,2013-04-12,2013-04-12
673,Silent Witness,,Silent Witness,"
13 September 2013 (2013-09-13)
",,2013.0,,2013-09-13,2013-09-13
675,Kokowääh 2,,,,,,,,
676,The Suspect,,The Suspect,"
December 24, 2013 (2013-12-24)
",~US$9.5 million,2013.0,5000000.0,2013-12-24,2013-12-24
677,The Four 2,,The Four 2,"
August 4, 2015 (2015-08-04) (New York City)
August 7, 2015 (2015-08-07) (United States)
",$120 million,2013.0,120000000.0,2015-08-07,2015-08-07
678,The Kiyosu Conference,,The Kiyosu Conference,"
November 9, 2013 (2013-11-09) (Japan)
",,2013.0,,2013-11-09,2013-11-09
687,We Are the Nobles,,We Are the Nobles,,,2013.0,,,
688,The Stolen Years,1998-09-11,,,,,,,1998-09-11
689,One Night Surprise,,One Night Surprise,"
9 August 2013 (2013-08-09)
",,2013.0,,2013-08-09,2013-08-09
690,Platinum Data,,Platinum Data,,,2013.0,,,
691,Gekijouban SPEC: Kurôzu - Zen no hen,,,,,,,,
694,"Me, Myself and Mum",,"Me, Myself and Mum","
20 May 2013 (2013-05-20) (Cannes)
20 November 2013 (2013-11-20) (France)
",,2013.0,,2013-11-20,2013-11-20
698,Out of Inferno,,Out of Inferno,"
30 September 2013 (2013-09-30) (China)
3 October 2013 (2013-10-03) (Hong Kong)
",HK$150 million (US$19 million),2013.0,19000000.0,2013-10-03,2013-10-03
699,Bring Happiness Home,,Bring Happiness Home,"
January 15, 2013 (2013-01-15) (China)
",,2013.0,,2013-01-15,2013-01-15
700,Baggage Claim,2013-09-27,,,,,,,2013-09-27
743,Breakup Buddies,,Breakup Buddies,"
September 7, 2014 (2014-09-07) (TIFF)
September 30, 2014 (2014-09-30) (China)
",,2014.0,,2014-09-30,2014-09-30
744,Stand by Me Doraemon,,Stand by Me Doraemon,"
8 August 2014 (2014-08-08) (Japan)
",,2020.0,,2014-08-08,2014-08-08
750,The Taking of Tiger Mountain,,The Taking of Tiger Mountain,"
December 23, 2014 (2014-12-23) (China)
May 14, 2015 (2015-05-14) (Hong Kong)
",,2014.0,,2015-05-14,2015-05-14
764,The Breakup Guru,,The Breakup Guru,"
June 27, 2014 (2014-06-27)
",,2014.0,,2014-06-27,2014-06-27
769,"Alexander and the Terrible, Horrible, No Good, Very Bad Day",2014-10-10,,,,,,,2014-10-10
772,Ode to My Father,2015-01-09,,,,,,,2015-01-09
773,Fleet of Time,,Fleet of Time,"
December 5, 2014 (2014-12-05)
[1]",,2014.0,,2014-12-05,2014-12-05
782,Tiny Times 3.0,,Tiny Times 3.0,"
July 17, 2014 (2014-07-17)
",,2014.0,,2014-07-17,2014-07-17
783,Gone with the Bullets,,Gone with the Bullets,"
December 18, 2014 (2014-12-18)
",300 million yuan  (US$48.8 million),2014.0,8000000.0,2014-12-18,2014-12-18
785,Spanish Affair,,Spanish Affair,"
14 March 2014 (2014-03-14)
",US$3 million,2015.0,3000000.0,2014-03-14,2014-03-14
787,Head Full of Honey,2018-11-30,,,,,,,2018-11-30
788,"I, Frankenstein",2014-01-24,,,,,,,2014-01-24
790,My Old Classmate,,My Old Classmate,"
April 25, 2014 (2014-04-25)
",,2014.0,,2014-04-25,2014-04-25
791,The Bélier Family,,,,,,,,
798,Beijing Love Story,2014-02-14,,,,,,,2014-02-14
799,The House That Never Dies,,The House That Never Dies,,,2017.0,,,
801,The Pirate Fairy,,The Pirate Fairy,"
February 13, 2014 (2014-02-13) (Denmark)[2]
April 1, 2014 (2014-04-01) (United States)[3]
",,2014.0,,2014-04-01,2014-04-01
802,The Inbetweeners 2,,The Inbetweeners 2,"
6 August 2014 (2014-08-06)
",,2014.0,,2014-08-06,2014-08-06
804,The White Haired Witch of Lunar Kingdom,,The White Haired Witch of Lunar Kingdom,"
31 July 2014 (2014-07-31)
",100 million yuan  (US$16 million),2014.0,16000000.0,2014-07-31,2014-07-31
806,Miss Granny,,Miss Granny,"
January 22, 2014 (2014-01-22)
",US$3.2 million,2015.0,2000000.0,2014-01-22,2014-01-22
810,Supercondriaque,,Supercondriaque,"
26 February 2014 (2014-02-26) (France)
",$36.3 million ,2014.0,3000000.0,2014-02-26,2014-02-26
812,Rurouni Kenshin Part II: Kyoto Inferno,,Rurouni Kenshin Part II: Kyoto Inferno,,,2014.0,,,
818,Coming Home,,Coming Home,"
May 16, 2014 (2014-05-16)
",,2014.0,,2014-05-16,2014-05-16
824,Love on the Cloud,,Love on the Cloud,"
December 24, 2014 (2014-12-24)
",,2014.0,,2014-12-24,2014-12-24
826,The Great Hypnotist,,The Great Hypnotist,"
April 29, 2014 (2014-04-29)
",,2014.0,,2014-04-29,2014-04-29
827,Asterix and Obelix: Mansion of the Gods,,Asterix and Obelix: Mansion of the Gods,"
26 November 2014 (2014-11-26) (France)
",€31 million,2014.0,31000000.0,2014-11-26,2014-11-26
828,Thermae Romae II,,Thermae Romae II,"
April 26, 2014 (2014-04-26) (Japan)
",,2014.0,,2014-04-26,2014-04-26
829,Detective Conan: The Sniper from Another Dimension,,Detective Conan: The Sniper from Another Dimension,"
April 19, 2014 (2014-04-19)
",,2014.0,,2014-04-19,2014-04-19
830,Rurouni Kenshin: The Legend Ends,,Rurouni Kenshin: The Legend Ends,"
April 23, 2021 (2021-04-23) (Japan)

June 18, 2021 (2021-06-18)
(Worldwide)",,2014.0,,2021-06-18,2021-06-18
831,"As Above, So Below",2014-08-29,,,,,,,2014-08-29
833,Boonie Bears: To the Rescue,,Boonie Bears: To the Rescue,"
17 January 2014 (2014-01-17) (China)
",,2014.0,,2014-01-17,2014-01-17
835,Recep Ivedik 4,,Recep Ivedik 4,"
February 21, 2014 (2014-02-21)
",,2014.0,,2014-02-21,2014-02-21
838,Samba,2015-07-24,,,,,,,2015-07-24
839,Women Who Flirt,2014-11-26,,,,,,,2014-11-26
845,Kundo: Age of the Rampant,,Kundo: Age of the Rampant,"
July 23, 2014 (2014-07-23)
",US$7 million,2014.0,7000000.0,2014-07-23,2014-07-23
846,When Marnie Was There,2015-05-22,,,,,,,2015-05-22
847,Black & White: The Dawn of Justice,,Black & White: The Dawn of Justice,,,2014.0,,,
848,"My Love, Don't Cross That River",2016-06-17,,,,,,,2016-06-17
849,Don't Go Breaking My Heart 2,,Don't Go Breaking My Heart 2,,,2014.0,,,
851,Old Boys: The Way of the Dragon,,Old Boys: The Way of the Dragon,"
10 July 2014 (2014-07-10)
",,2014.0,,2014-07-10,2014-07-10
852,Tinker Bell and the Legend of the NeverBeast,,Tinker Bell and the Legend of the NeverBeast,"
December 12, 2014 (2014-12-12) (United Kingdom)
March 3, 2015 (2015-03-03) (United States)
",,2014.0,,2015-03-03,2015-03-03
853,The Four 3,,The Four 3,,,2014.0,,,
854,Tazza: The Hidden Card,,Tazza: The Hidden Card,"
September 3, 2014 (2014-09-03)
",,2014.0,,2014-09-03,2014-09-03
855,Mrs. Brown's Boys D'Movie,,Mrs. Brown's Boys D'Movie,"
27 June 2014 (2014-06-27)
",£3.6 million,2014.0,6000000.0,2014-06-27,2014-06-27
856,Rise of the Legend,,Rise of the Legend,"
21 November 2014 (2014-11-21) (China)
27 November 2014 (2014-11-27) (Hong Kong)
",,2014.0,,2014-11-27,2014-11-27
861,The Fatal Encounter,,The Fatal Encounter,"
April 30, 2014 (2014-04-30)
",US$9.6 million,2014.0,6000000.0,2014-04-30,2014-04-30
862,Maya the Bee Movie,2015-05-01,,,,,,,2015-05-01
863,Pokémon the Movie: Diancie and the Cocoon of Destruction,,,,,,,,
864,The Divine Move,,The Divine Move,"
July 3, 2014 (2014-07-03)
",,2014.0,,2014-07-03,2014-07-03
865,Nicholas on Holiday,,Nicholas on Holiday,"
9 July 2014 (2014-07-09)
",€24.5 million,2014.0,5000000.0,2014-07-09,2014-07-09
866,Grace of Monaco,,Grace of Monaco,"
May 14, 2014 (2014-05-14) (Cannes Film Festival)
May 15, 2014 (2014-05-15) (Italy)
May 21, 2014 (2014-05-21) (Belgium)
May 25, 2015 (2015-05-25) (United States)
",$30 million,2014.0,30000000.0,2015-05-25,2015-05-25
868,Joy of Fatherhood,,Joy of Fatherhood,,,2014.0,,,
870,Meet Miss Anxiety,,Meet Miss Anxiety,,,2014.0,,,
871,"Love, Rosie",2015-02-06,,,,,,,2015-02-06
874,Kung Fu Jungle,,Kung Fu Jungle,"
12 October 2014 (2014-10-12) (BFI London Film Festival)
30 October 2014 (2014-10-30) (Hong Kong)
31 October 2014 (2014-10-31) (China)
","HK$200 million  (US$25,800,000)",2014.0,25800000000000.0,2014-10-31,2014-10-31
875,Hot Road,,Hot Road,,,2014.0,,,
876,Fading Gigolo,2014-04-18,,,,,,,2014-04-18
902,Mojin: The Lost Legend,2015-12-18,,,,,,,2015-12-18
903,Lost in Hong Kong,2015-09-25,,,,,,,2015-09-25
908,Goodbye Mr. Loser,2015-10-09,,,,,,,2015-10-09
914,Jian Bing Man,,Jian Bing Man,"
16 June 2015 (2015-06-16) (SIFF)
17 July 2015 (2015-07-17) (China)
",US$12.88 million,2015.0,88000000.0,2015-07-17,2015-07-17
919,From Vegas to Macau II,,From Vegas to Macau II,"
January 30, 2014 (2014-01-30) (Hong Kong)
January 31, 2014 (2014-01-31) (China)
",,2016.0,,2014-01-31,2014-01-31
922,Ip Man 3,2016-01-22,,,,,,,2016-01-22
924,Monkey King: Hero Is Back,2016-07-29,,,,,,,2016-07-29
928,Mr. Six,,Mr. Six,"
12 September 2015 (2015-09-12) (Venice)
24 December 2015 (2015-12-24) (China)
",,2015.0,,2015-12-24,2015-12-24
931,Detective Chinatown,2016-01-15,,,,,,,2016-01-15
939,Chronicles of the Ghostly Tribe,,Chronicles of the Ghostly Tribe,"
30 September 2015 (2015-09-30)
",,2015.0,,2015-09-30,2015-09-30
946,The Little Prince,2016-08-05,,,,,,,2016-08-05
953,Suck Me Shakespeer 2,,Suck Me Shakespeer 2,"
29 October 2013 (2013-10-29)
",€5 million,2015.0,5000000.0,2013-10-29,2013-10-29
955,Wolf Warrior,,Wolf Warrior,"
27 July 2017 (2017-07-27) (China)
",CN¥200 million(US$30.1 million),2017.0,1000000.0,2017-07-27,2017-07-27
956,Go Away Mr. Tumor,2015-08-14,,,,,,,2015-08-14
959,The Left Ear,,The Left Ear,"
April 24, 2015 (2015-04-24)
",$10 million,2015.0,10000000.0,2015-04-24,2015-04-24
965,A Violent Prosecutor,,A Violent Prosecutor,"
February 3, 2016 (2016-02-03)
",,2015.0,,2016-02-03,2016-02-03
967,Monk Comes Down the Mountain,,Monk Comes Down the Mountain,"
July 3, 2015 (2015-07-03)
",,2015.0,,2015-07-03,2015-07-03
968,Zhongkui: Snow Girl and the Dark Crystal,,Zhongkui: Snow Girl and the Dark Crystal,"
February 19, 2015 (2015-02-19) (China)
March 12, 2015 (2015-03-12) (Hong Kong)
",US$30 million,2015.0,30000000.0,2015-03-12,2015-03-12
971,The Hundred Regiments Offensive,,The Hundred Regiments Offensive,"
28 August 2015 (2015-08-28)
",,2015.0,,2015-08-28,2015-08-28
979,Forever Young,,Forever Young,,,2017.0,,,
980,You Are My Sunshine,,You Are My Sunshine,"
April 30, 2015 (2015-04-30)
",,2015.0,,2015-04-30,2015-04-30
983,Detective Conan: Sunflowers of Inferno,,Detective Conan: Sunflowers of Inferno,,,2015.0,,,
987,Hollywood Adventures,,Hollywood Adventures,,,2015.0,,,
988,"Yo-kai Watch Movie: It's the Secret of Birth, Meow!",,,,,,,,
990,The Boy and the Beast,,The Boy and the Beast,"
July 11, 2015 (2015-07-11)
",,2015.0,,2015-07-11,2015-07-11
994,Inside Men,,Inside Men,"
November 19, 2015 (2015-11-19)
",,2015.0,,2015-11-19,2015-11-19
995,Boonie Bears Winter,,Boonie Bears Winter,,,2015.0,,,
997,Let's Get Married,,Let's Get Married,"
April 2, 2015 (2015-04-02)
",,2015.0,,2015-04-02,2015-04-02
998,"McFarland, USA",2015-02-20,,,,,,,2015-02-20
1001,Legend,2007-12-14,,,,,,,2007-12-14
1006,Spanish Affair 2,,Spanish Affair 2,"
20 November 2015 (2015-11-20) (Spain)
",,2015.0,,2015-11-20,2015-11-20
1007,Northern Limit Line,2015-07-17,,,,,,,2015-07-17
1008,Ex-Files 2: The Backup Strikes Back,,Ex-Files 2: The Backup Strikes Back,,,2015.0,,,
1010,Boruto: Naruto The Movie,,Boruto: Naruto The Movie,,,2015.0,,,
1015,The New Adventures of Aladdin,,The New Adventures of Aladdin,"
14 October 2015 (2015-10-14)
",$16 million,2015.0,16000000.0,2015-10-14,2015-10-14
1016,Heidi,,Heidi,"
10 December 2015 (2015-12-10)
",,2015.0,,2015-12-10,2015-12-10
1018,Doraemon: Nobita and the Space Heroes,,Doraemon: Nobita and the Space Heroes,,,2015.0,,,
1021,The Witness,2016-06-03,,,,,,,2016-06-03
1026,Saving Mr. Wu,2015-10-02,,,,,,,2015-10-02
1032,Bride Wars,2009-01-09,,,,,,,2009-01-09
1034,Detective K: Secret of the Lost Island,,Detective K: Secret of the Lost Island,"
February 11, 2015 (2015-02-11)
",,2015.0,,2015-02-11,2015-02-11
1035,To the Fore,2015-08-07,,,,,,,2015-08-07
1037,Huevos: Little Rooster's Egg-cellent Adventure,2015-09-04,,,,,,,2015-09-04
1038,Dügün Dernek 2: Sünnet,,,,,,,,
1039,Look Who's Back,,Look Who's Back,"
8 October 2015 (2015-10-08) (Germany)
","€2,956,960($3.3 million)",2015.0,3000000.0,2015-10-08,2015-10-08
1040,Serial Teachers 2,,Serial Teachers 2,"
1 July 2015 (2015-07-01)
",$16 million,2015.0,16000000.0,2015-07-01,2015-07-01
1080,The Monkey King 2,2016-02-05,,,,,,,2016-02-05
1083,From Vegas to Macau III,,From Vegas to Macau III,"
6 February 2016 (2016-02-06) (Hong Kong)
8 February 2016 (2016-02-08) (China)
",US$40 million,2016.0,40000000.0,2016-02-08,2016-02-08
1086,Operation Mekong,2016-09-30,,,,,,,2016-09-30
1093,Time Raiders,,Time Raiders,"
August 5, 2016 (2016-08-05)
",,2016.0,,2016-08-05,2016-08-05
1096,Skiptrace,2016-09-02,,,,,,,2016-09-02
1100,I Belonged to You,2016-09-30,,,,,,,2016-09-30
1104,Book of Love,,Book of Love,,,2022.0,,,
1109,Cold War 2,2016-07-08,,,,,,,2016-07-08
1110,Railroad Tigers,2017-01-06,,,,,,,2017-01-06
1114,Train to Busan,2016-07-22,,,,,,,2016-07-22
1117,Line Walker,,Line Walker,"
11 August 2016 (2016-08-11)
",,2019.0,,2016-08-11,2016-08-11
1119,Big Fish & Begonia,2018-04-06,,,,,,,2018-04-06
1124,Shin Godzilla,,Shin Godzilla,"
July 25, 2016 (2016-07-25) (Tokyo)
July 29, 2016 (2016-07-29) (Japan)
",US$15 million,2016.0,15000000.0,2016-07-29,2016-07-29
1127,Quo vado?,,Quo vado?,"
January 1, 2016 (2016-01-01)
",€10 million,2016.0,10000000.0,2016-01-01,2016-01-01
1130,I Am Not Madame Bovary,2016-11-18,,,,,,,2016-11-18
1131,One Piece Film: Gold,,One Piece Film: Gold,"
July 15, 2016 (2016-07-15) (Emirates Palace)
July 23, 2016 (2016-07-23) (Japan)
",,2016.0,,2016-07-23,2016-07-23
1135,"Hail, Caesar!",2016-02-05,,,,,,,2016-02-05
1137,L.O.R.D: Legend of Ravaging Dynasties,2016-09-30,,,,,,,2016-09-30
1141,The Age of Shadows,2016-09-23,,,,,,,2016-09-23
1142,A Chinese Odyssey: Part Three,,A Chinese Odyssey: Part Three,"
September 14, 2016 (2016-09-14) (China)
",US$20 million,2016.0,20000000.0,2016-09-14,2016-09-14
1144,My Beloved Bodyguard,,My Beloved Bodyguard,"
1 April 2016 (2016-04-01)
",,2016.0,,2016-04-01,2016-04-01
1146,Master,2022-03-18,,,,,,,2022-03-18
1147,Doraemon the Movie: Nobita and the Birth of Japan,,Doraemon the Movie: Nobita and the Birth of Japan,"
March 5, 2016 (2016-03-05) (Japan)
[1]",,2016.0,,2016-03-05,2016-03-05
1148,The Wailing,2016-05-20,,,,,,,2016-05-20
1149,Two Is a Family,,Two Is a Family,"
7 December 2016 (2016-12-07)
",$17.5 million,2016.0,5000000.0,2016-12-07,2016-12-07
1150,Luck-Key,,Luck-Key,"
October 13, 2016 (2016-10-13) (South Korea)
",,2016.0,,2016-10-13,2016-10-13
1157,Boonie Bears: The Big Top Secret,,Boonie Bears: The Big Top Secret,,,2016.0,,,
1158,Café Society,2016-07-15,,,,,,,2016-07-15
1159,League of Gods,,League of Gods,"
July 29, 2016 (2016-07-29)
",HK$300 millionUS$38 million,2016.0,38000000.0,2016-07-29,2016-07-29
1163,Love O2O,,Love O2O,,,2016.0,,,
1166,My Mom Is a Character 2,,My Mom Is a Character 2,"
December 26, 2019 (2019-12-26) (Brazil)
",R$ 8 million(US$2.1 million),2016.0,1000000.0,2019-12-26,2019-12-26
1167,"Crouching Tiger, Hidden Dragon: Sword of Destiny",,"Crouching Tiger, Hidden Dragon: Sword of Destiny","
February 18, 2016 (2016-02-18) (Hong Kong)
February 19, 2016 (2016-02-19) (China)
February 26, 2016 (2016-02-26) (Worldwide)
",,2016.0,,2016-02-26,2016-02-26
1169,Mission Milano,,Mission Milano,"
September 30, 2016 (2016-09-30) (China)
",,2016.0,,2016-09-30,2016-09-30
1170,The Handmaiden,2016-10-21,,,,,,,2016-10-21
1172,Nobunaga Concerto: The Movie,,Nobunaga Concerto: The Movie,"
23 January 2016 (2016-01-23)
",,2016.0,,2016-01-23,2016-01-23
1174,Os Dez Mandamentos - O Filme,,Os Dez Mandamentos - O Filme,,,2016.0,,,
1175,Bounty Hunters,,Bounty Hunters,"
July 1, 2016 (2016-07-01) (China)
",,2016.0,,2016-07-01,2016-07-01
1177,Assassination Classroom: The Graduation,,Assassination Classroom: The Graduation,"
March 25, 2016 (2016-03-25)
",,2016.0,,2016-03-25,2016-03-25
1178,Billy Lynn's Long Halftime Walk,2016-11-18,,,,,,,2016-11-18
1182,A Silent Voice: The Movie,,A Silent Voice: The Movie,"
September 17, 2016 (2016-09-17) (Japan)
",,2016.0,,2016-09-17,2016-09-17
1186,Flight Crew,,Flight Crew,"
February 20, 2016 (2016-02-20) (Berlinale)
April 21, 2016 (2016-04-21) (Russia)
",$9 million  ₽650 million,2016.0,650000000.0,2016-04-21,2016-04-21
1187,M.S. Dhoni: The Untold Story,2016-09-30,,,,,,,2016-09-30
1188,Welcome to Germany,,Welcome to Germany,"
3 November 2016 (2016-11-03)
",,2016.0,,2016-11-03,2016-11-03
1192,Mr. Donkey,2016-10-28,,,,,,,2016-10-28
1194,Call of Heroes,,Call of Heroes,"released =
12 August 2016 (2016-08-12)
",US$32 million,2016.0,32000000.0,2016-08-12,2016-08-12
1197,Soulmate,,Soulmate,,,2016.0,,,
1198,The Snow Queen 3: Fire and Ice,2018-08-31,,,,,,,2018-08-31
1200,Camping 3,,Camping 3,,,2016.0,,,
1203,Spirits' Homecoming,,Spirits' Homecoming,"
February 24, 2016 (2016-02-24)
",,2016.0,,2016-02-24,2016-02-24
1208,The Choice,2016-02-05,,,,,,,2016-02-05
1209,Penny Pincher!,,Penny Pincher!,"
2 September 2016 (2016-09-02) (Paris premiere)
28 September 2016 (2016-09-28) (France)
",,2016.0,,2016-09-28,2016-09-28
1233,Never Say Die,,Never Say Die,"
30 September 2017 (2017-09-30) (China)
",,2017.0,,2017-09-30,2017-09-30
1235,The Ex-File 3: The Return of The Exes,2017-12-29,,,,,,,2017-12-29
1240,Kung Fu Yoga,2017-01-27,,,,,,,2017-01-27
1243,Journey to the West: The Demons Strike Back,2017-02-03,,,,,,,2017-02-03
1246,Youth,2015-12-04,,,,,,,2015-12-04
1261,"Three Billboards Outside Ebbing, Missouri",2017-11-22,,,,,,,2017-11-22
1262,Duckweed,2017-02-10,,,,,,,2017-02-10
1273,Secret Superstar,2017-10-20,,,,,,,2017-10-20
1276,Buddies in India,2017-01-27,,,,,,,2017-01-27
1277,Along With the Gods: The Two Worlds,2017-12-22,,,,,,,2017-12-22
1278,Immortal Demon Slayer,,,,,,,,
1281,Legend of the Demon Cat,,Legend of the Demon Cat,"
December 22, 2017 (2017-12-22)
",CN¥170 million,2017.0,170000000.0,2017-12-22,2017-12-22
1283,Chasing the Dragon,2017-09-29,,,,,,,2017-09-29
1288,Fantastica: A Boonie Bears Adventure,2019-06-14,,,,,,,2019-06-14
1292,Suck Me Shakespeer 3,,Suck Me Shakespeer 3,"
29 October 2013 (2013-10-29)
",€5 million,2017.0,5000000.0,2013-10-29,2013-10-29
1293,Detective Conan: Crimson Love Letter,,Detective Conan: Crimson Love Letter,"
April 15, 2017 (2017-04-15)
",,2017.0,,2017-04-15,2017-04-15
1298,"Everything, Everything",2017-05-19,,,,,,,2017-05-19
1299,Doraemon: Great Adventure in the Antarctic Kachi Kochi,,Doraemon: Great Adventure in the Antarctic Kachi Kochi,"
March 4, 2017 (2017-03-04)
",$8 million,2017.0,8000000.0,2017-03-04,2017-03-04
1301,The Founding of an Army,,The Founding of an Army,"
28 July 2017 (2017-07-28)[1]
",,2017.0,,2017-07-28,2017-07-28
1304,The Devotion of Suspect X,2017-03-31,,,,,,,2017-03-31
1305,Shock Wave,2017-05-05,,,,,,,2017-05-05
1306,Goldbuster,,Goldbuster,"
29 December 2017 (2017-12-29)
",,2017.0,,2017-12-29,2017-12-29
1309,Gongjo,,Gongjo,"
January 18, 2017 (2017-01-18)
",US$8.52 million,2017.0,52000000.0,2017-01-18,2017-01-18
1312,"I, Tonya",,"I, Tonya","
September 8, 2017 (2017-09-08) (TIFF)
December 8, 2017 (2017-12-08) (United States)
",$11 million,2017.0,11000000.0,2017-12-08,2017-12-08
1313,1987: When the Day Comes,,1987: When the Day Comes,"
December 27, 2017 (2017-12-27)[1]
",₩15 billion(US$14 million),2017.0,14000000.0,2017-12-27,2017-12-27
1314,Bleeding Steel,2018-07-06,,,,,,,2018-07-06
1317,Sky Hunter,,Sky Hunter,"
September 29, 2017 (2017-09-29)
",CN¥200 million,2017.0,200000000.0,2017-09-29,2017-09-29
1320,Son of Bigfoot,2018-05-04,,,,,,,2018-05-04
1321,The Thousand Faces of Dunjia,2017-12-15,,,,,,,2017-12-15
1322,The Battleship Island,2017-07-28,,,,,,,2017-07-28
1323,Hanson and the Beast,,Hanson and the Beast,"
29 December 2017 (2017-12-29)
","$6.7 million 
+ $7 million re-release",2017.0,7000000.0,2017-12-29,2017-12-29
1324,Guilty of Mind,,Guilty of Mind,,,2017.0,,,
1327,Battle of Memories,2017-04-28,,,,,,,2017-04-28
1331,Mary and the Witch's Flower,2018-01-19,,,,,,,2018-01-19
1333,T2 Trainspotting,2017-03-17,,,,,,,2017-03-17
1337,Midnight Runners,,Midnight Runners,"
9 August 2017 (2017-08-09)
",US$7 million,2017.0,7000000.0,2017-08-09,2017-08-09
1338,Pokémon the Movie: I Choose You!,,,,,,,,
1340,The Adventurers,2011-12-21,,,,,,,2011-12-21
1341,"Tad, the Lost Explorer, and the Secret of King Midas",,"Tad, the Lost Explorer, and the Secret of King Midas","
5 June 2012 (2012-06-05) (AIAFF)[1]
31 August 2012 (2012-08-31) (Spain)[2]
",€8 million,2017.0,8000000.0,2012-08-31,2012-08-31
1343,Namiya,2018-01-05,,,,,,,2018-01-05
1344,Destiny: The Tale of Kamakura,,Destiny: The Tale of Kamakura,,,2017.0,,,
1345,The Liquidator,,,,,,,,
1347,R.A.I.D. Special Unit,,R.A.I.D. Special Unit,,,2017.0,,,
1349,I Want to Eat Your Pancreas,,I Want to Eat Your Pancreas,"
July 28, 2017 (2017-07-28)
",,2017.0,,2017-07-28,2017-07-28
1351,Hindi Medium,,Hindi Medium,"
19 May 2017 (2017-05-19) (India)
",₹14 crore,2017.0,14.0,2017-05-19,2017-05-19
1352,Steel Rain,,Steel Rain,"
December 14, 2017 (2017-12-14)
",,2017.0,,2017-12-14,2017-12-14
1353,The Invisible Guest,,The Invisible Guest,"
23 September 2016 (2016-09-23) (Fantastic Fest)
6 January 2017 (2017-01-06) (Spain)
",€4 million ($4.5 million),2017.0,5000000.0,2017-01-06,2017-01-06
1354,This Is Not What I Expected,2017-05-05,,,,,,,2017-05-05
1357,The Swindlers,2017-12-01,,,,,,,2017-12-01
1358,Alibi.com,,Alibi.com,"
15 February 2017 (2017-02-15)
",$7.6 million,2017.0,6000000.0,2017-02-15,2017-02-15
1359,Sword Art Online the Movie: Ordinal Scale,,Sword Art Online the Movie: Ordinal Scale,"
February 18, 2017 (2017-02-18)
",,2017.0,,2017-02-18,2017-02-18
1360,Recep Ivedik 5,,Recep Ivedik 5,"
16 February 2017 (2017-02-16) (Turkey)
[1]",,2017.0,,2017-02-16,2017-02-16
1361,Judwaa 2,2017-09-29,,,,,,,2017-09-29
1362,What Happened to Monday,,What Happened to Monday,"
August 5, 2017 (2017-08-05) (Locarno Festival)
August 18, 2017 (2017-08-18) (United States)
",$20 million,2017.0,20000000.0,2017-08-18,2017-08-18
1368,Badrinath Ki Dulhania,2017-03-10,,,,,,,2017-03-10
1369,Love Off the Cuff,,Love Off the Cuff,"
April 11, 2017 (2017-04-11) (HKIFF)
April 27, 2017 (2017-04-27) (Hong Kong)
April 28, 2017 (2017-04-28) (China)
",US$12 million,2017.0,12000000.0,2017-04-28,2017-04-28
1370,Fireworks,2018-07-04,,,,,,,2018-07-04
1373,The 8-Year Engagement,2012-04-27,,,,,,,2012-04-27
1374,Jolly LLB 2,2017-02-10,,,,,,,2017-02-10
1375,I Can Speak,,I Can Speak,"
September 21, 2017 (2017-09-21)
",,2017.0,,2017-09-21,2017-09-21
1377,Extraordinary Mission,2017-04-07,,,,,,,2017-04-07
1378,The Glass Castle,2017-08-11,,,,,,,2017-08-11
1379,Épouse-moi mon pote,,,,,,,,
1392,Operation Red Sea,2018-02-23,,,,,,,2018-02-23
1393,Detective Chinatown 2,2018-02-16,,,,,,,2018-02-16
1398,Dying to Survive,2019-08-09,,,,,,,2019-08-09
1405,Hello Mr. Billionaire,,Hello Mr. Billionaire,,,2018.0,,,
1417,Us and Them,2018-03-16,,,,,,,2018-03-16
1418,The Island,,The Island,"
10 August 2018 (2018-08-10) (China)
",,2018.0,,2018-08-10,2018-08-10
1421,Project Gutenberg,,Project Gutenberg,"
30 September 2018 (2018-09-30) (China)
4 October 2018 (2018-10-04) (Hong Kong)[1]
",HK$300 million,2018.0,300000000.0,2018-10-04,2018-10-04
1429,How Long Will I Love U,2018-05-25,,,,,,,2018-05-25
1433,A Cool Fish,2018-11-16,,,,,,,2018-11-16
1436,The Monkey King 3,2018-02-16,,,,,,,2018-02-16
1440,Detective Conan: Zero the Enforcer,,Detective Conan: Zero the Enforcer,"
April 13, 2018 (2018-04-13)
",,2018.0,,2018-04-13,2018-04-13
1442,Along With the Gods: The Last 49 Days,2018-08-01,,,,,,,2018-08-01
1444,Boonie Bears: The Big Shrink,,Boonie Bears: The Big Shrink,,,2018.0,,,
1447,Kill Mobile,,Kill Mobile,,,2018.0,,,
1454,Detective Dee: The Four Heavenly Kings,2018-07-27,,,,,,,2018-07-27
1455,"Hello, Mrs. Money",2018-10-05,,,,,,,2018-10-05
1458,Doraemon the Movie: Nobita's Treasure Island,,Doraemon the Movie: Nobita's Treasure Island,"
March 3, 2018 (2018-03-03)
",,2018.0,,2018-03-03,2018-03-03
1461,Code Blue: The Movie,,Code Blue: The Movie,,,2018.0,,,
1468,Amazing China,,Amazing China,"
March 2, 2018 (2018-03-02) (Mainland China)

May 9, 2018 (2018-05-09) (Macao)
",,2018.0,,2018-05-09,2018-05-09
1471,"Love, Simon",2018-03-16,,,,,,,2018-03-16
1474,L Storm,,L Storm,"
23 August 2018 (2018-08-23)
",US$5-10 million,2018.0,10000000.0,2018-08-23,2018-08-23
1475,Capernaum,,Capernaum,"
17 May 2018 (2018-05-17) (Cannes)
20 September 2018 (2018-09-20) (Lebanon)
",$4 million,2018.0,4000000.0,2018-09-20,2018-09-20
1477,Andhadhun,,Andhadhun,"
5 October 2018 (2018-10-05) (India)
",₹32 crore,2018.0,32.0,2018-10-05,2018-10-05
1480,A or B,,A or B,,,2018.0,,,
1481,Go Brother!,,Go Brother!,16 August 2018 (2018-08-16),,2018.0,,2018-08-16,2018-08-16
1487,Cry Me a Sad River,,Cry Me a Sad River,,,2018.0,,,
1490,Golden Job,2018-09-28,,,,,,,2018-09-28
1494,Asterix: The Secret of the Magic Potion,,Asterix: The Secret of the Magic Potion,"
5 December 2018 (2018-12-05)
",,2018.0,,2018-12-05,2018-12-05
1497,Long Day's Journey Into Night,,Long Day's Journey Into Night,"
15 May 2018 (2018-05-15) (Cannes)
31 December 2018 (2018-12-31) (China)
30 January 2019 (2019-01-30) (France)
",,2018.0,,2019-01-30,2019-01-30
1501,Intimate Strangers,,Intimate Strangers,"
31 October 2018 (2018-10-31)
",₩5.8 billion,2018.0,800000000.0,2018-10-31,2018-10-31
1502,Thugs of Hindostan,2018-11-08,,,,,,,2018-11-08
1503,Sink or Swim,,Sink or Swim,"
13 May 2018 (2018-05-13) (Cannes)
24 October 2018 (2018-10-24) (France)
",$21.8 million,2018.0,8000000.0,2018-10-24,2018-10-24
1505,The Spy Gone North,2018-08-10,,,,,,,2018-08-10
1507,Taxi 5,,Taxi 5,,,2018.0,,,
1508,Fat Buddies,,Fat Buddies,"
30 September 2018 (2018-09-30) (China)
",,2018.0,,2018-09-30,2018-09-30
1509,Till The End Of The World,2018-02-02,,,,,,,2018-02-02
1510,Nothing to Lose,,Nothing to Lose,,,2018.0,,,
1511,T-34,,T-34,,,2018.0,,,
1512,Mia and the White Lion,2019-04-12,,,,,,,2019-04-12
1515,Baaghi 2,2018-03-30,,,,,,,2018-03-30
1521,Gintama 2: Rules are Made to be Broken,,Gintama 2: Rules are Made to be Broken,,,2018.0,,,
1522,The Way of the Bug,,The Way of the Bug,,,2018.0,,,
1524,Dark Figure of Crime,,Dark Figure of Crime,"
October 3, 2018 (2018-10-03)
",₩8 billion,2018.0,800000000.0,2018-10-03,2018-10-03
1525,Pad Man,2018-02-09,,,,,,,2018-02-09
1526,Mirai,2018-11-29,,,,,,,2018-11-29
1527,Default,2014-10-17,,,,,,,2014-10-17
1528,One Cut of the Dead,2019-09-13,,,,,,,2019-09-13
1531,The Faces of My Gene,,The Faces of My Gene,"
16 February 2018 (2018-02-16) (China)
",,2018.0,,2018-02-16,2018-02-16
1532,Hichki,2018-03-23,,,,,,,2018-03-23
1534,"Paul, Apostle of Christ",2018-03-23,,,,,,,2018-03-23
1536,The Witch: Part 1 - The Subversion,,The Witch: Part 1 - The Subversion,"
June 27, 2018 (2018-06-27)
",US$5.5 million,2018.0,5000000.0,2018-06-27,2018-06-27
1537,The Accidental Detective 2: In Action,2018-06-22,,,,,,,2018-06-22
1538,Killing for the Prosecution,,Killing for the Prosecution,,,2018.0,,,
1539,Pokémon the Movie: The Power of Us,,,,,,,,
1540,The Guernsey Literary and Potato Peel Pie Society,,The Guernsey Literary and Potato Peel Pie Society,"
9 April 2018 (2018-04-09) (London)
20 April 2018 (2018-04-20) (United Kingdom)
13 June 2018 (2018-06-13) (France)
",,2018.0,,2018-06-13,2018-06-13
1541,The Crimes That Bind,,The Crimes That Bind,"
January 27, 2018 (2018-01-27)
",,2018.0,,2018-01-27,2018-01-27
1543,Won't You Be My Neighbor?,2018-06-08,,,,,,,2018-06-08
1544,Europe Raiders,,Europe Raiders,"
August 17, 2018 (2018-08-17)
",,2018.0,,2018-08-17,2018-08-17
1545,Mojin: The Worm Valley,2019-01-04,,,,,,,2019-01-04
1546,Stree,,Stree,,,2020.0,,,
1563,"My People, My Country",,"My People, My Country","
30 September 2019 (2019-09-30) (China)
",,2019.0,,2019-09-30,2019-09-30
1564,Pokémon Detective Pikachu,2019-05-10,,,,,,,2019-05-10
1566,The Captain,,The Captain,,,2019.0,,,
1573,Crazy Alien,,Crazy Alien,"
5 February 2019 (2019-02-05) (China)
",,2019.0,,2019-02-05,2019-02-05
1583,Better Days,2019-11-08,,,,,,,2019-11-08
1590,Sheep Without a Shepherd,2019-12-19,,,,,,,2019-12-19
1591,The White Storm 2: Drug Lords,,The White Storm 2: Drug Lords,"
5 July 2019 (2019-07-05) (China)
16 July 2019 (2019-07-16) (Hong Kong)
",US$25 million,2019.0,25000000.0,2019-07-16,2019-07-16
1609,P Storm,,P Storm,4 April 2019 (2019-04-04),US$10-25 million,2019.0,25000000.0,2019-04-04,2019-04-04
1610,Detective Conan: The Fist of Blue Sapphire,,Detective Conan: The Fist of Blue Sapphire,"
April 12, 2019 (2019-04-12)
",,2019.0,,2019-04-12,2019-04-12
1613,Boonie Bears: Blast Into the Past,,Boonie Bears: Blast Into the Past,,,2019.0,,,
1616,Line Walker 2: Invisible Spy,2019-08-16,,,,,,,2019-08-16
1617,The New King of Comedy,,The New King of Comedy,"
5 February 2019 (2019-02-05) (China)
",$8 million (50 million RMB),2019.0,50000000.0,2019-02-05,2019-02-05
1623,Serial (Bad) Weddings 2,,Serial (Bad) Weddings 2,,,0.0,,,
1624,One Piece: Stampede,,One Piece: Stampede,"
August 1, 2019 (2019-08-01) (premiere)

August 9, 2019 (2019-08-09) (Japan)
",,2019.0,,2019-08-09,2019-08-09
1635,Eiga Doraemon: Nobita no getsumen tansaki,,Eiga Doraemon: Nobita no getsumen tansaki,,,2019.0,,,
1637,White Snake,2019-11-15,,,,,,,2019-11-15
1641,My Best Summer,,My Best Summer,"
June 20, 1997 (1997-06-20)
",$38 million,2019.0,38000000.0,1997-06-20,1997-06-20
1643,Jade Dynasty,,Jade Dynasty,"
13 September 2019 (2019-09-13)
",,2019.0,,2019-09-13,2019-09-13
1644,Das perfekte Geheimnis,,Das perfekte Geheimnis,,,2019.0,,,
1645,The Big Shot,,The Big Shot,,,2019.0,,,
1652,Song of Youth,,Song of Youth,,,2019.0,,,
1655,The Legend of Hei,,The Legend of Hei,,,2019.0,,,
1660,Chasing the Dragon II: Wild Wild Bunch,2019-06-07,,,,,,,2019-06-07
1665,A Shaun the Sheep Movie: Farmageddon,,A Shaun the Sheep Movie: Farmageddon,,,2019.0,,,
1667,Masquerade Hotel,,Masquerade Hotel,"
18 January 2019 (2019-01-18)
",,2019.0,,2019-01-18,2019-01-18
1670,A Witness Out of the Blue,,A Witness Out of the Blue,"
18 October 2019 (2019-10-18) (HKAFF)
24 October 2019 (2019-10-24) (Hong Kong)
",,2019.0,,2019-10-24,2019-10-24
1672,The Queen's Corgi,,The Queen's Corgi,"
16 January 2019 (2019-01-16) (L'Alpe d'Huez)
3 April 2019 (2019-04-03) (Belgium)
",$20 million,2019.0,20000000.0,2019-04-03,2019-04-03
1673,The Battle: Roar to Victory,2019-08-16,,,,,,,2019-08-16
1677,Fly Me to the Saitama,,Fly Me to the Saitama,"
February 22, 2019 (2019-02-22)
",,2019.0,,2019-02-22,2019-02-22
1680,Hit Me Anyone One More Time!,,Hit Me Anyone One More Time!,"
September 13, 2019 (2019-09-13)
",,2019.0,,2019-09-13,2019-09-13
1681,Somewhere Winter,,Somewhere Winter,"
15 November 2019 (2019-11-15) (China)
",,2019.0,,2019-11-15,2019-11-15
1683,Two Tigers,,Two Tigers,,,2019.0,,,
1685,My Dear Liar,2019-11-08,,,,,,,2019-11-08
1686,The Wild Goose Lake,,The Wild Goose Lake,"
18 May 2019 (2019-05-18) (Cannes Film Festival)[2]
6 December 2019 (2019-12-06) (China)[2][3]
25 December 2019 (2019-12-25) (France)[1]
",,2019.0,,2019-12-25,2019-12-25
1688,Fall In Love At First Kiss,,Fall In Love At First Kiss,"
February 14, 2019 (2019-02-14)
",,2019.0,,2019-02-14,2019-02-14
1689,Kim Ji-young: Born 1982,,Kim Ji-young: Born 1982,,,2019.0,,,
1690,Pokémon: Mewtwo Strikes Back - Evolution,,,,,,,,
1691,Almost a Comedy,,Almost a Comedy,"
20 May 2022 (2022-05-20)[1]
",,2019.0,,2022-05-20,2022-05-20
1692,Total Dhamaal,2019-02-22,,,,,,,2019-02-22
1695,The Confidence Man JP: The Movie,,The Confidence Man JP: The Movie,,,2019.0,,,
1696,Bodies at Rest,,Bodies at Rest,"
March 18, 2019 (2019-03-18) (HKIFF)
August 16, 2019 (2019-08-16) (China)
",,2019.0,,2019-08-16,2019-08-16
1699,Son of a Rich,,Son of a Rich,,,2019.0,,,
1700,Skyfire,2021-02-12,,,,,,,2021-02-12
1701,Start-Up,,Start-Up,"
December 18, 2019 (2019-12-18)
",₩9 billion(~US$7.3 million),2019.0,3000000.0,2019-12-18,2019-12-18
1703,A Rainy Day in New York,2020-10-09,,,,,,,2020-10-09
1705,Little White Lies 2,,Little White Lies 2,"
11 September 2010 (2010-09-11) (TIFF)
20 October 2010 (2010-10-20) (France)
",$17.6 million,2019.0,6000000.0,2010-10-20,2010-10-20
1706,Ossan's Love: Love or Dead,,Ossan's Love: Love or Dead,,,2019.0,,,
1707,Only Cloud Knows,2019-12-20,,,,,,,2019-12-20
1710,The Knight of Shadows: Between Yin and Yang,,The Knight of Shadows: Between Yin and Yang,"
5 February 2019 (2019-02-05) (China)
",,2019.0,,2019-02-05,2019-02-05
1713,Crazy Romance,,Crazy Romance,,,2019.0,,,
1717,The Specials,2000-09-18,,,,,,,2000-09-18
1718,Always Miss You,2019-05-03,,,,,,,2019-05-03
1719,An Officer and a Spy,,An Officer and a Spy,"
30 August 2019 (2019-08-30) (Venice)
13 November 2019 (2019-11-13) (France)
21 November 2019 (2019-11-21) (Italy)
",$24 million,2019.0,24000000.0,2019-11-21,2019-11-21
1720,Crayon Shin-chan: Honeymoon Hurricane - The Lost Hiroshi,,Crayon Shin-chan: Honeymoon Hurricane - The Lost Hiroshi,,,2019.0,,,
1721,Greta,2019-03-01,,,,,,,2019-03-01
1722,Peppa Celebrates Chinese New Year,2019-02-05,,,,,,,2019-02-05
1726,"My People, My Homeland",2020-10-09,,,,,,,2020-10-09
1729,Legend of Deification,,Legend of Deification,"
October 1, 2020 (2020-10-01)
",,2020.0,,2020-10-01,2020-10-01
1730,A Little Red Flower,,A Little Red Flower,"
December 31, 2020 (2020-12-31)
",,2020.0,,2020-12-31,2020-12-31
1732,Shock Wave 2,2020-12-24,,,,,,,2020-12-24
1734,The Sacrifice,1986-05-09,,,,,,,1986-05-09
1737,Warm Hug,,Warm Hug,,,2020.0,,,
1738,Soul,2008-11-07,,,,,,,2008-11-07
1740,Caught in Time,,Caught in Time,"
20 November 2020 (2020-11-20)
",,2020.0,,2020-11-20,2020-11-20
1741,The Yin-Yang Master: Dream of Eternity,,The Yin-Yang Master: Dream of Eternity,,,2020.0,,,
1742,Mulan,,Mulan,,,2020.0,,,
1743,Greenland,,Greenland,,,2020.0,,,
1744,Tolo Tolo,,Tolo Tolo,"
January 1, 2020 (2020-01-01)
",€20 million,2020.0,20000000.0,2020-01-01,2020-01-01
1748,"From Today, It's My Turn: The Movie",,"From Today, It's My Turn: The Movie",,,2020.0,,,
1749,Trolls 2: World Tour,,Trolls 2: World Tour,"
April 10, 2020 (2020-04-10)
",$90–110 million,2020.0,110000000.0,2020-04-10,2020-04-10
1750,Tanhaji: The Unsung Warrior,,Tanhaji: The Unsung Warrior,"
10 January 2020 (2020-01-10) (India)
",₹172 crore,2020.0,172.0,2020-01-10,2020-01-10
1752,The End of Endless Love,,The End of Endless Love,"
February 14, 2014 (2014-02-14)
",$20 million,2020.0,20000000.0,2014-02-14,2014-02-14
1758,New Interpretation Records of the Three Kingdoms,,New Interpretation Records of the Three Kingdoms,"
December 11, 2020 (2020-12-11)
",,2020.0,,2020-12-11,2020-12-11
1759,The Confidence Man JP: Princess,,The Confidence Man JP: Princess,,,2020.0,,,
1760,The Man Standing Next,2020-01-31,,,,,,,2020-01-31
1761,My Mom is a Character 3,,My Mom is a Character 3,"
December 26, 2019 (2019-12-26) (Brazil)
",R$ 8 million(US$2.1 million),2020.0,1000000.0,2019-12-26,2019-12-26
1762,Doraemon the Movie: Nobita's New Dinosaur,,Doraemon the Movie: Nobita's New Dinosaur,,,2020.0,,,
1766,Bath Buddy,,Bath Buddy,,,2020.0,,,
1767,Ala Vaikunthapurramuloo,,Ala Vaikunthapurramuloo,,,2020.0,,,
1768,The Witches,2022-12-25,,,,,,,2022-12-25
1772,Poupelle of Chimney Town,2021-12-30,,,,,,,2021-12-30
1773,Stigmatized Properties,,Stigmatized Properties,,,2020.0,,,
1774,Pokémon the Movie: Secrets of the Jungle,,,,,,,,
1776,Violet Evergarden: The Movie,2021-03-30,,,,,,,2021-03-30
1780,Takizawa Enbujo Zero,,Takizawa Enbujo Zero,,,2020.0,,,
1781,The Promised Neverland,,The Promised Neverland,,,2020.0,,,
1782,Kaiji: Final Game,,Kaiji: Final Game,,,2020.0,,,
1783,Hitman: Agent Jun,,Hitman: Agent Jun,"
January 22, 2020 (2020-01-22)
",₩9 billion(~US$7.3 million),2020.0,3000000.0,2020-01-22,2020-01-22
1784,Digimon Adventure: Last Evolution Kizuna,,Digimon Adventure: Last Evolution Kizuna,"
February 21, 2020 (2020-02-21)
",,2020.0,,2020-02-21,2020-02-21
1786,Bye Bye Morons,,Bye Bye Morons,"
October 21, 2020 (2020-10-21) (France[1])
",,2020.0,,2020-10-21,2020-10-21
1790,Padre no hay más que uno 2: La llegada de la suegra,,,,,,,,
1792,Nightlife,,Nightlife,,,2020.0,,,
1793,Howling Village,2021-08-13,,,,,,,2021-08-13
1795,Samjin Company English Class,,Samjin Company English Class,"
October 21, 2020 (2020-10-21)
",,2020.0,,2020-10-21,2020-10-21
1797,Shinchan: Crash! Scribble Kingdom and Almost Four Heroes,,Shinchan: Crash! Scribble Kingdom and Almost Four Heroes,"
September 11, 2020 (2020-09-11)
",,2020.0,,2020-09-11,2020-09-11
1798,Ducobu 3,,Ducobu 3,,,2020.0,,,
1799,Wotakoi: Love Is Hard for Otaku,,Wotakoi: Love Is Hard for Otaku,"
February 7, 2020 (2020-02-07)
",,2020.0,,2020-02-07,2020-02-07
1802,30 jours max,,30 jours max,,,2020.0,,,
1803,The Voice of Sin,,The Voice of Sin,"
October 16, 1976 (1976-10-16)
",,2020.0,,1976-10-16,1976-10-16
1804,Bigfoot Family,,Bigfoot Family,"
August 5, 2020 (2020-08-05) (Belgium, France)
",,2020.0,,2020-08-05,2020-08-05
1805,Me contro Te - Il film: La vendetta del Signor S,,Me contro Te - Il film: La vendetta del Signor S,,,2020.0,,,
1807,Street Dancer 3D,,Street Dancer 3D,"
24 January 2020 (2020-01-24)
",₹97 crore,2020.0,97.0,2020-01-24,2020-01-24
1808,My Spy,2020-06-26,,,,,,,2020-06-26
1809,The Asadas,,The Asadas,"
October 2, 2020 (2020-10-02) (Japan)
",,2020.0,,2020-10-02,2020-10-02
1810,Stolen Identity 2,,Stolen Identity 2,,,2020.0,,,
1811,10 Days with Dad,,10 Days with Dad,,,2020.0,,,
1812,Secret Zoo,,Secret Zoo,"
January 15, 2020 (2020-01-15)
",₩10 billion(~US$8.1 million),2020.0,1000000.0,2020-01-15,2020-01-15
1813,365 Days,,365 Days,"
7 February 2020 (2020-02-07) (Poland)
",,2020.0,,2020-02-07,2020-02-07
1814,Okay Madam,,Okay Madam,,,2020.0,,,
1815,Malasaña 32,,,,,,,,
1816,Break the Silence: The Movie,2020-09-24,,,,,,,2020-09-24
1817,I Hate Summer,,I Hate Summer,,,2020.0,,,
1819,Les blagues de Toto,,Les blagues de Toto,,,2020.0,,,
1820,The Secret Garden,,The Secret Garden,"
7 August 2020 (2020-08-07) (United States)
23 October 2020 (2020-10-23) (United Kingdom)
",$20 million,2020.0,20000000.0,2020-10-23,2020-10-23
1821,Eltilerin Savasi,,Eltilerin Savasi,,,2020.0,,,
1822,Two by Two: Overboard!,,Two by Two: Overboard!,,,2020.0,,,
1824,Your Eyes Tell,,Your Eyes Tell,"
October 23, 2020 (2020-10-23) (Japan)
",,2020.0,,2020-10-23,2020-10-23
1825,AI Amok,,AI Amok,,,2020.0,,,
1826,The Lost Prince,,The Lost Prince,,,2020.0,,,
1827,Antoinette dans les Cévennes,,,,,,,,
1828,Antebellum,,Antebellum,"
September 18, 2020 (2020-09-18)
",$10 million,2020.0,10000000.0,2020-09-18,2020-09-18
1829,The Marriage Escape,,The Marriage Escape,"
13 February 2020 (2020-02-13)
",,2020.0,,2020-02-13,2020-02-13
1830,The Heist of the Century,,The Heist of the Century,"
16 January 2020 (2020-01-16)
",,2020.0,,2020-01-16,2020-01-16
1831,De Gaulle,2021-10-22,,,,,,,2021-10-22
1832,Fukushima 50,,Fukushima 50,"
March 6, 2020 (2020-03-06)
[3][4]",,2020.0,,2020-03-06,2020-03-06
1833,"Turu, the Wacky Hen",,"Turu, the Wacky Hen","
21 September 2019 (2019-09-21) (SSIFF)
1 January 2020 (2020-01-01) (Spain)
",,2020.0,,2020-01-01,2020-01-01
1834,Back to the Wharf,,Back to the Wharf,,,2020.0,,,
1835,Adu,,Adu,"
31 January 2020 (2020-01-31)
",,2020.0,,2020-01-31,2020-01-31
1837,Spycies,,Spycies,"
14 June 2019 (2019-06-14) (Annecy)
11 January 2020 (2020-01-11) (China)
",$20 million,2020.0,20000000.0,2020-01-11,2020-01-11
1838,Jim Button and the Wild 13,,Jim Button and the Wild 13,,,2020.0,,,
1839,Dragon Rider,,Dragon Rider,"
1 October 2020 (2020-10-01) (Germany)
",,2020.0,,2020-10-01,2020-10-01
1840,Psy 3: W imie zasad,,Psy 3: W imie zasad,,,2020.0,,,
1841,Blood Moon Party,,Blood Moon Party,,,2020.0,,,
1842,Shubh Mangal Zyada Saavdhan,,Shubh Mangal Zyada Saavdhan,"
21 February 2020 (2020-02-21)
",₹20 crore,2020.0,20.0,2020-02-21,2020-02-21
1844,Hammamet,,Hammamet,,,2020.0,,,
1845,Lindenberg! Mach dein Ding,,Lindenberg! Mach dein Ding,,,2020.0,,,
1846,Midnight Swan,,Midnight Swan,"
September 25, 2020 (2020-09-25)
",,2020.0,,2020-09-25,2020-09-25
1847,Simply Black,,Simply Black,,,2020.0,,,
1850,Hotel Belgrade,,Hotel Belgrade,"
March 5, 2020 (2020-03-05)
",₽150 million,2020.0,150000000.0,2020-03-05,2020-03-05
1851,How to Be a Good Wife,,How to Be a Good Wife,"
11 March 2020 (2020-03-11)
",,2020.0,,2020-03-11,2020-03-11
1852,The Legacy Of Dr. Death: Black File,,The Legacy Of Dr. Death: Black File,,,2020.0,,,
1854,Jak zostalem gangsterem. Historia prawdziwa,,Jak zostalem gangsterem. Historia prawdziwa,,,2020.0,,,
1855,Twiceborn,2020-10-16,,,,,,,2020-10-16
1856,Beasts Clawing at Straws,2020-10-21,,,,,,,2020-10-21
1857,Klassikokkutulek 2: Pulmad ja matused,,Klassikokkutulek 2: Pulmad ja matused,,,2020.0,,,
1858,Mama Weed,,Mama Weed,,,2020.0,,,
1859,Divorce Club,,Divorce Club,,,2020.0,,,
1860,Cindy La Regia,,Cindy La Regia,"
25 January 2020 (2020-01-25) (Mexico)
",,2020.0,,2020-01-25,2020-01-25
1861,Love Aaj Kal,,Love Aaj Kal,"
14 February 2020 (2020-02-14) (India)
",₹580 million,2020.0,580000000.0,2020-02-14,2020-02-14
1862,Masked Ward,,Masked Ward,,,2020.0,,,
1863,Ayyappanum Koshiyum,,Ayyappanum Koshiyum,"
7 February 2020 (2020-02-07)
",,2020.0,,2020-02-07,2020-02-07
1864,Baba Parasi,,Baba Parasi,,,2020.0,,,
1865,Die Känguru-Chroniken,,,,,,,,
1866,The Real Exorcist,2020-08-28,,,,,,,2020-08-28
1867,Mayday,2021-10-01,,,,,,,2021-10-01
1868,Made in Abyss: Dawn of the Deep Soul,,Made in Abyss: Dawn of the Deep Soul,,,2020.0,,,
1869,Godai - The Wunderkind,,Godai - The Wunderkind,,,2020.0,,,
1870,Military Wives,,Military Wives,"
6 September 2019 (2019-09-06) (TIFF)
6 March 2020 (2020-03-06) (United Kingdom)
",,2020.0,,2020-03-06,2020-03-06
1871,Streltsov,,,,,,,,
1874,The Vets,,The Vets,,,2020.0,,,
1875,The Broken Hearts Gallery,2020-09-11,,,,,,,2020-09-11
1880,Detective Chinatown 3,,Detective Chinatown 3,"
12 February 2021 (2021-02-12) (China)
",$117 million,2021.0,117000000.0,2021-02-12,2021-02-12
1892,"My Country, My Parents",2021-10-08,,,,,,,2021-10-08
1897,Chinese Doctors,2021-07-30,,,,,,,2021-07-30
1898,Cliff Walkers,2021-04-30,,,,,,,2021-04-30
1904,A Writer's Odyssey,2021-02-12,,,,,,,2021-02-12
1908,Be Somebody,2016-06-10,,,,,,,2016-06-10
1915,Detective Conan: The Scarlet Bullet,,Detective Conan: The Scarlet Bullet,"
April 16, 2021 (2021-04-16)
",,2021.0,,2021-04-16,2021-04-16
1916,Evangelion: 3.0+1.01 Thrice Upon a Time,,Evangelion: 3.0+1.01 Thrice Upon a Time,,,0.0,,,
1917,End Game,,End Game,,,2021.0,,,
1920,Boonie Bears: The Wild Life,,Boonie Bears: The Wild Life,,,2021.0,,,
1923,1921,,1921,"
1 July 2021 (2021-07-01) (China)
",,2021.0,,2021-07-01,2021-07-01
1928,Cloudy Mountain,2021-10-22,,,,,,,2021-10-22
1929,Nezha Reborn,,Nezha Reborn,"
February 12, 2021 (2021-02-12) (China)
April 12, 2021 (2021-04-12) (international)
",,2021.0,,2021-04-12,2021-04-12
1931,Man in Love,,Man in Love,"
1 April 2021 (2021-04-01)
 (Taiwan)
11 June 2021 (2021-06-11)
 (China)
22 July 2021 (2021-07-22)
 (Hong Kong)
20 August 2021 (2021-08-20)
 (Netflix)",,2021.0,,2021-08-20,2021-08-20
1932,Break Through the Darkness,,Break Through the Darkness,"
January 22, 2005 (2005-01-22)
",,2021.0,,2005-01-22,2005-01-22
1934,Schemes in Antiques,2021-12-17,,,,,,,2021-12-17
1935,Luca,2021-06-18,,,,,,,2021-06-18
1939,Love Will Tear Us Apart,,Love Will Tear Us Apart,,,2021.0,,,
1945,Tokyo Revengers,,Tokyo Revengers,,,2021.0,,,
1950,The Yinyang Master,,The Yinyang Master,"
12 February 2021 (2021-02-12)
 (China)
19 March 2021 (2021-03-19)
 (Netflix)",,2021.0,,2021-03-19,2021-03-19
1951,Rurouni Kenshin: Final Chapter Part I - The Final,,Rurouni Kenshin: Final Chapter Part I - The Final,"
April 23, 2021 (2021-04-23) (Japan)

June 18, 2021 (2021-06-18)
(Worldwide)",,2021.0,,2021-06-18,2021-06-18
1952,The Door Lock,,The Door Lock,,,2021.0,,,
1953,I Fell in Love Like a Flower Bouquet,,I Fell in Love Like a Flower Bouquet,,,2021.0,,,
1955,Big Red Envelope,,Big Red Envelope,"
January 22, 2021 (2021-01-22) (mainland China)
",,2021.0,,2021-01-22,2021-01-22
1956,Masquerade Night,,Masquerade Night,,,2021.0,,,
1957,Once Upon a Time in Hong Kong,,Once Upon a Time in Hong Kong,"
29 April 2021 (2021-04-29) (Hong Kong, Singapore, Malaysia)[1]
1 May 2021 (2021-05-01) (China)[2]
",CN¥330 million,2021.0,330000000.0,2021-05-01,2021-05-01
1964,The Last Warrior: Root of Evil,,The Last Warrior: Root of Evil,"
January 1, 2021 (2021-01-01) (Russia)
",₽650 million,2021.0,650000000.0,2021-01-01,2021-01-01
1965,The Last Warrior: A Messenger of Darkness,,The Last Warrior: A Messenger of Darkness,"
December 23, 2021 (2021-12-23)
",₽454 million,2021.0,454000000.0,2021-12-23,2021-12-23
1972,The Day We Lit Up the Sky,,The Day We Lit Up the Sky,,,2021.0,,,
1976,Wish Dragon,,Wish Dragon,"
January 15, 2021 (2021-01-15) (China)
June 11, 2021 (2021-06-11) (International)
",$25 million,2021.0,25000000.0,2021-06-11,2021-06-11
1978,Les Tuche 4,,Les Tuche 4,,,2021.0,,,
1980,Parallel Mothers,2022-12-24,,,,,,,2022-12-24
1983,Sinkhole,,Sinkhole,"
August 6, 2021 (2021-08-06) (LFF)[1]
August 11, 2021 (2021-08-11) (South Korea)[2]
",₩15 billion,2021.0,1500000000.0,2021-08-11,2021-08-11
1984,Mobile Suit Gundam: Hathaway,,Mobile Suit Gundam: Hathaway,,,2021.0,,,
1985,The Stronghold,,The Stronghold,,,2021.0,,,
1988,Gintama: The Final,,Gintama: The Final,"
January 8, 2021 (2021-01-08) (Japan)
",,2021.0,,2021-01-08,2021-01-08
1989,Railway Heroes,2021-11-25,,,,,,,2021-11-25
1991,Upon the Magic Roads,,Upon the Magic Roads,"
February 18, 2021 (2021-02-18) (Russia)
","
₽600 million
$7.7 million
",2021.0,7000000.0,2021-02-18,2021-02-18
1993,Your Turn to Kill,,Your Turn to Kill,,,2021.0,,,
1996,Something About Love,,Something About Love,"
July 15, 1998 (1998-07-15)
",$23 million,2021.0,23000000.0,1998-07-15,1998-07-15
1998,The Tomorrow War,,The Tomorrow War,"
July 2, 2021 (2021-07-02)
",$200 million,2021.0,200000000.0,2021-07-02,2021-07-02
1999,"And, the Baton Was Passed",,"And, the Baton Was Passed",,,2021.0,,,
2001,Crayon Shin-chan: Shrouded in Mystery! The Flowers of Tenkazu Academy,,Crayon Shin-chan: Shrouded in Mystery! The Flowers of Tenkazu Academy,,,2021.0,,,
2004,OSS 117: From Africa with Love,,OSS 117: From Africa with Love,"
21 July 2021 (2021-07-21) (Cannes)
4 August 2021 (2021-08-04) (France)
",,2021.0,,2021-08-04,2021-08-04
2005,Hostage: Missing Celebrity,,Hostage: Missing Celebrity,"
August 20, 2021 (2021-08-20)
",₩8 billion,2021.0,800000000.0,2021-08-20,2021-08-20
2006,Eiffel,2022-04-15,,,,,,,2022-04-15
2007,Vakeel Saab,,Vakeel Saab,"
9 April 2021 (2021-04-09)
",,2021.0,,2021-04-09,2021-04-09
2008,Monkey King Reborn,,Monkey King Reborn,"
February 12, 2021 (2021-02-12) (China)
April 12, 2021 (2021-04-12) (international)
",,2021.0,,2021-04-12,2021-04-12
2009,School of Magical Animals,,School of Magical Animals,,,2021.0,,,
2010,The Bodin's in the Land of Smile,,The Bodin's in the Land of Smile,,,2021.0,,,
2012,The Fable: The Killer Who Doesn't Kill,,The Fable: The Killer Who Doesn't Kill,,,2021.0,,,
2013,What Did You Eat Yesterday?,,What Did You Eat Yesterday?,,,2021.0,,,
2015,Kaiserschmarrndrama,,Kaiserschmarrndrama,,,2021.0,,,
2016,"Caution, Hazardous Wife: The Movie",,"Caution, Hazardous Wife: The Movie",,,2021.0,,,
2017,Realm of Terracotta,,Realm of Terracotta,,,2021.0,,,
2018,Detective Conan: The Scarlet Alibi,,Detective Conan: The Scarlet Alibi,,,2021.0,,,
2019,Black Box,2022-04-29,,,,,,,2022-04-29
2020,¡A todo tren! Destino Asturias,,,,,,,,
2021,Baragaki: Unbroken Samurai,,Baragaki: Unbroken Samurai,"
October 15, 2021 (2021-10-15)
",,2021.0,,2021-10-15,2021-10-15
2022,Ainbo,,Ainbo,"
13 February 2021 (2021-02-13) (Ukraine)
",$10 million,2021.0,10000000.0,2021-02-13,2021-02-13
2023,All About My Mother,1999-11-24,,,,,,,1999-11-24
2024,The Eleventh Chapter,,The Eleventh Chapter,"
13 April 2019 (2019-04-13) (9th Beijing International Film Festival)
2 April 2021 (2021-04-02) (China)
",,2021.0,,2021-04-02,2021-04-02
2025,The Vault,2021-03-26,,,,,,,2021-03-26
2026,Kaguya-sama: Love Is War,,Kaguya-sama: Love Is War,,,2021.0,,,
2027,Honey Lemon Soda,,Honey Lemon Soda,,,2021.0,,,
2028,The Protégé,2021-08-20,,,,,,,2021-08-20
2029,I Don't Have Any Money Left in My Retirement Account,,I Don't Have Any Money Left in My Retirement Account,,,2021.0,,,
2030,White Snake 2: Green Snake,,White Snake 2: Green Snake,"
23 July 2021 (2021-07-23)
",,2021.0,,2021-07-23,2021-07-23
2031,Lost Illusions,2022-06-10,,,,,,,2022-06-10
2032,Hard Hit,,Hard Hit,"
June 23, 2021 (2021-06-23) (South Korea)
",₩7 billion,2021.0,700000000.0,2021-06-23,2021-06-23
2033,Little Canned Men,,Little Canned Men,,,2021.0,,,
2036,The Ice Road,,The Ice Road,"
June 25, 2021 (2021-06-25)
",,2021.0,,2021-06-25,2021-06-25
2037,'83,2021-12-23,,,,,,,2021-12-23
2038,Signal: The Movie,,Signal: The Movie,"
April 2, 2021 (2021-04-02)
",,2021.0,,2021-04-02,2021-04-02
2039,Couple from the Future,,Couple from the Future,"
March 4, 2021 (2021-03-04) (Russia)
",,2021.0,,2021-03-04,2021-03-04
2040,Sooryavanshi,2021-11-05,,,,,,,2021-11-05
2041,Extinct,,Extinct,,,2021.0,,,
2055,Bheemla Nayak,,Bheemla Nayak,"
25 February 2022 (2022-02-25)
",₹70–75 crore[a],2022.0,75.0,2022-02-25,2022-02-25
2056,Super-héros malgré lui,,,,,,,,
2058,Maison de retraite,,Maison de retraite,,,2022.0,,,
2059,Valimai,,Valimai,"
24 February 2022 (2022-02-24)
",₹150 crore,2022.0,150.0,2022-02-24,2022-02-24
2060,Wunderschön,,,,,,,,
2061,The Pirates: The Last Royal Treasure,,The Pirates: The Last Royal Treasure,"
January 26, 2022 (2022-01-26)
",₩23.5 billion,2022.0,500000000.0,2022-01-26,2022-01-26
2063,Turning Red,,Turning Red,"
March 1, 2022 (2022-03-01) (El Capitan Theatre)
March 11, 2022 (2022-03-11) (United States)
",$175 million,2022.0,175000000.0,2022-03-11,2022-03-11
2064,The Bad Guys,2022-04-22,,,,,,,2022-04-22
2066,The Policeman's Lineage,,The Policeman's Lineage,"
January 5, 2022 (2022-01-05)
",,2022.0,,2022-01-05,2022-01-05
2067,Adieu Monsieur Haffmann,,Adieu Monsieur Haffmann,,,2022.0,,,
2068,The Duke,2022-04-22,,,,,,,2022-04-22
2069,Chickenhare and the Hamster of Darkness,,Chickenhare and the Hamster of Darkness,,,2022.0,,,
2071,Waiting for Bojangles,,Waiting for Bojangles,,,2022.0,,,
2072,Ambulance,2022-04-08,,,,,,,2022-04-08
2073,Bheeshma Parvam,,Bheeshma Parvam,"
3 March 2022 (2022-03-03)[1]
",,2022.0,,2022-03-03,2022-03-03
2074,Maigret,,Maigret,,,2022.0,,,
2075,Koniec swiata czyli Kogel Mogel 4,,,,,,,,
2076,Special Delivery,,Special Delivery,"
January 12, 2022 (2022-01-12)
",,2022.0,,2022-01-12,2022-01-12
2077,Between Two Worlds,,Between Two Worlds,"
February 11, 2022 (2022-02-11)
",,2022.0,,2022-02-11,2022-02-11
2078,Etharkkum Thunindhavan,,Etharkkum Thunindhavan,,,2022.0,,,
2081,Permis de construire,,Permis de construire,,,2022.0,,,
2082,Chuyen Ma Gan Nhà,,,,,,,,
2083,¡Qué Despadre!,,,,,,,,
2084,The Glance of Music,,The Glance of Music,,,2022.0,,,
2086,Around the World in 80 Days,,Around the World in 80 Days,,,2022.0,,,
2087,The Exorcism of God,2022-03-11,,,,,,,2022-03-11
2088,Fireheart,,Fireheart,,,2022.0,,,
2089,Bergen,,Bergen,,,2022.0,,,
2090,The Grandmother,,The Grandmother,"
22 September 2021 (2021-09-22) (ssiff)
28 January 2022 (2022-01-28) (Spain)
6 April 2022 (2022-04-06) (France)
",,2022.0,,2022-04-06,2022-04-06
2091,In Our Prime,,In Our Prime,"
March 9, 2022 (2022-03-09)
",,2022.0,,2022-03-09,2022-03-09
2093,Hridayam,,Hridayam,"
21 January 2022 (2022-01-21) (India)
",₹8 crore,2022.0,8.0,2022-01-21,2022-01-21
2094,"Love, Sex & Pandemic",,"Love, Sex & Pandemic","
19 March 2010 (2010-03-19)
",₹2 crore,2022.0,2.0,2010-03-19,2010-03-19
2096,Aaraattu,,Aaraattu,"
18 February 2022 (2022-02-18)
",₹18 crore,2022.0,18.0,2022-02-18,2022-02-18
2097,Heart of Oak,,Heart of Oak,,,2022.0,,,
2098,Gierek,,Gierek,,,2022.0,,,
2099,Mister Knockout,,Mister Knockout,"
February 23, 2022 (2022-02-23)
",₽200 million,2022.0,200000000.0,2022-02-23,2022-02-23
2100,V lete ti poviem,,,,,,,,
2101,Love Is Better Than Life,,Love Is Better Than Life,"
March 15, 2022 (2022-03-15) (El Capitan Theatre)
April 1, 2022 (2022-04-01) (United States)
",,2022.0,,2022-04-01,2022-04-01
2102,Swingers,2022-01-27,,,,,,,2022-01-27
2103,A Radiant Girl,,A Radiant Girl,,,2022.0,,,
2104,Desperate for Marriage,,Desperate for Marriage,"
March 5, 2022 (2022-03-05)
",,2022.0,,2022-03-05,2022-03-05
2105,Badhaai Do,2022-02-11,,,,,,,2022-02-11
2106,Odinnadtsat molchalivykh muzhchin,,Odinnadtsat molchalivykh muzhchin,"
February 17, 2022 (2022-02-17) (Russia)
",₽310.3 million,2022.0,3000000.0,2022-02-17,2022-02-17
2107,The Butcher's Daughter,,,,,,,,
2108,Veerame Vaagai Soodum,,Veerame Vaagai Soodum,"
4 February 2022 (2022-02-04)
",,2022.0,,2022-02-04,2022-02-04
2110,Aaja Mexico Challiye,,Aaja Mexico Challiye,"
25 February 2022 (2022-02-25)
",,2022.0,,2022-02-25,2022-02-25
2112,Krime Story,,Krime Story,"
September 2, 2021 (2021-09-02) (Telluride)
November 19, 2021 (2021-11-19) (United States)
",$50 million,2022.0,50000000.0,2021-11-19,2021-11-19
2113,Alors on danse,,Alors on danse,,,2022.0,,,
2114,The Souvenir,2019-05-17,,,,,,,2019-05-17
2115,My Brothers and I,,My Brothers and I,"
12 July 2021 (2021-07-12) (Cannes)
",,2022.0,,2021-07-12,2021-07-12
2116,Zero Fucks Given,,Zero Fucks Given,,,2022.0,,,
2117,Adieu Paris,,Adieu Paris,,,2022.0,,,
2118,The Ancestral,,The Ancestral,,,2022.0,,,
2119,Boiling Point,2021-11-19,,,,,,,2021-11-19
2120,Zlatni decko,,,,,,,,
2121,America Latina,,America Latina,,,2022.0,,,
2122,Meppadiyan,,Meppadiyan,"
14 January 2022 (2022-01-14)
",₹ 3 crore,2022.0,3.0,2022-01-14,2022-01-14
2123,Official Competition,2022-06-17,,,,,,,2022-06-17
2124,Liubov i blohery,,,,,,,,
2125,Lynx,,Lynx,,,2022.0,,,
2126,Kaptan Pengu ve Arkadaslari 2,,Kaptan Pengu ve Arkadaslari 2,,,2022.0,,,
2127,Benden Ne Olur,,Benden Ne Olur,,,2022.0,,,
2128,Zaï Zaï Zaï Zaï,,,,,,,,
2129,Ik wist het,,Ik wist het,,,2022.0,,,
2130,Serve the People,,Serve the People,"
February 23, 2022 (2022-02-23)
",,2022.0,,2022-02-23,2022-02-23
2131,Full Time,,Full Time,,,2022.0,,,
2132,Hey Sinamika,,Hey Sinamika,"
3 March 2022 (2022-03-03)
",,2022.0,,2022-03-03,2022-03-03
2133,Milosc jest blisko,,,,,,,,
2134,Ek Love Ya,,Ek Love Ya,"
24 February 2022 (2022-02-24)
",,2022.0,,2022-02-24,2022-02-24
2135,How I Learned to Fly,,How I Learned to Fly,,,2022.0,,,
2136,Murder Party,,Murder Party,,,2022.0,,,
2137,Reunion 2,,Reunion 2,,,2022.0,,,
2138,Den slepogo valentina,,,,,,,,
2139,Betlémské svetlo,,,,,,,,
2141,The Best Weekend,,The Best Weekend,,,2022.0,,,
2142,Ali & Ava,,Ali & Ava,,,2022.0,,,
2143,Nitram,2022-03-30,,,,,,,2022-03-30
2144,The Contractor,,The Contractor,"
April 1, 2022 (2022-04-01)
",$40-50 million,2022.0,50000000.0,2022-04-01,2022-04-01
2145,C'era una volta il crimine,,C'era una volta il crimine,,,2022.0,,,
2146,Un Rabón con Corazón,,,,,,,,
2148,L'ombra del giorno,,L'ombra del giorno,,,2022.0,,,
2149,Nobody's Hero,,Nobody's Hero,,,2022.0,,,
2150,Kung Fu Zohra,,Kung Fu Zohra,,,2022.0,,,
2151,Three Times Nothing,,Three Times Nothing,,,2022.0,,,
2152,The Sadness,,The Sadness,,,2022.0,,,
2153,Secret Name,,,,,,,,
2154,I Want to Talk About Duras,,I Want to Talk About Duras,,,2022.0,,,
2155,A Change of Heart,,A Change of Heart,,,2022.0,,,
2156,Last Looks,2022-02-04,,,,,,,2022-02-04
2157,The Bunker Game,,The Bunker Game,,,2022.0,,,
2158,Naai Sekar,,Naai Sekar,"
13 January 2022 (2022-01-13)
",,2022.0,,2022-01-13,2022-01-13
2159,Mahlûkat,,,,,,,,
2161,Cuarentones,,Cuarentones,,,2022.0,,,
2162,My Wonderful Wanda,2021-04-23,,,,,,,2021-04-23
2163,Super Sharanya,,Super Sharanya,"
7 January 2022 (2022-01-07)
",,2022.0,,2022-01-07,2022-01-07
2164,Octonauts and the Caves of Sac Actun,,Octonauts and the Caves of Sac Actun,,,2022.0,,,
2165,Black Glasses,,Black Glasses,"
11 February 2022 (2022-02-11) (Berlinale)
24 February 2022 (2022-02-24) (Italy)
",,2022.0,,2022-02-24,2022-02-24
2166,Facing Monsters,,Facing Monsters,,,2022.0,,,
2167,Rosy,,Rosy,,,2022.0,,,
2168,Malazgirt 1071,,Malazgirt 1071,,,2022.0,,,
2169,Anka,,Anka,,,2022.0,,,
2170,Jane by Charlotte,2022-03-18,,,,,,,2022-03-18
2171,Arthur Rambo,,Arthur Rambo,"
January 25, 2008 (2008-01-25) (United States)
",$47.5–50 million,2022.0,50000000.0,2008-01-25,2008-01-25
2172,Bachchhan Paandey,2022-03-18,,,,,,,2022-03-18
2173,Kernagis,,Kernagis,,,2022.0,,,
2174,Stop-Zemlia,2022-01-21,,,,,,,2022-01-21
2175,Listeners: The Whispering,,Listeners: The Whispering,,,2022.0,,,
