,Movie,actor1,actor1_popularity,actor2,actor2_popularity,actor3,actor3_popularity,actor4,actor4_popularity,actor5,actor5_popularity,Unnamed: 0.1.1,Worldwide,Domestic,%,Foreign,%.1,Score_Rotten,Score_Audience,Rating,Director,Producer,Release Date (Theaters),Box Office (Gross USA),averageRating,numVotes,titleType,originalTitle,isAdult,startYear,runtimeMinutes,genres
0,Avengers: Endgame,Robert Downey Jr.,38.361,Chris Evans,15.319,Mark Ruffalo,9.185,Chris Hemsworth,36.221,Scarlett Johansson,38.188,0,2797501328,858373000,30.7,1939128328,69.3,94.0,90.0,PG-13,"AnthonyRusso,JoeRusso",KevinFeige,4-26-2019,858400000.0,8.4,1034560,movie,Avengers: Endgame,0,2019,181,"Action,Adventure,Drama"
1,The Lion King,Matthew Broderick,13.295,James Earl Jones,13.214,Jeremy Irons,15.988,Rowan Atkinson,15.925,Niketa Calame,2.894,1,1656943394,543638043,32.8,1113305351,67.2,52.0,88.0,PG,JonFavreau,"JonFavreau,JeffreySilver,KarenGilchrist",7-19-2019,543600000.0,6.9,235732,movie,The Lion King,0,2019,118,"Adventure,Animation,Drama"
2,Frozen II,Kristen Bell,15.307,Idina Menzel,10.721,Josh Gad,11.913,Jonathan Groff,10.632,Sterling K. Brown,6.462,2,1450026933,477373578,32.9,972653355,67.1,77.0,92.0,PG,"ChrisBuck,JenniferLee",PeterDelVecho,11-22-2019,477400000.0,6.8,163102,movie,Frozen II,0,2019,103,"Adventure,Animation,Comedy"
3,Spider-Man: Far from Home,Tom Holland,128.32,Samuel L. Jackson,56.705,Jake Gyllenhaal,21.848,Marisa Tomei,23.257,Jon Favreau,13.562,3,1131927996,390532085,34.5,741395911,65.5,90.0,95.0,PG-13,JonWatts,"KevinFeige,AmyPascal",7-2-2019,390700000.0,7.4,454626,movie,Spider-Man: Far from Home,0,2019,129,"Action,Adventure,Sci-Fi"
4,Captain Marvel,Brie Larson,23.442,Samuel L. Jackson,41.412,Ben Mendelsohn,22.944,Jude Law,24.842,Annette Bening,25.191,4,1128274794,426829839,37.8,701444955,62.2,79.0,45.0,PG-13,"AnnaBoden,RyanFleck",KevinFeige,3-8-2019,426800000.0,6.8,527037,movie,Captain Marvel,0,2019,123,"Action,Adventure,Sci-Fi"
5,Joker,Joaquin Phoenix,17.538,Robert De Niro,28.296,Zazie Beetz,17.431,Frances Conroy,13.472,Brett Cullen,13.826,5,1074251311,335451311,31.2,738800000,68.8,68.0,88.0,R,ToddPhillips,"ToddPhillips,BradleyCooper,EmmaTillingerKoskoff",10-4-2019,335400000.0,8.4,1172540,movie,Joker,0,2019,122,"Crime,Drama,Thriller"
6,Star Wars: Episode IX - The Rise of Skywalker,Carrie Fisher,12.309,Mark Hamill,19.712,Daisy Ridley,22.014,Adam Driver,22.821,John Boyega,7.352,6,1074144248,515202542,48,558941706,52,,,,,,,,6.5,425565,movie,Star Wars: Episode IX - The Rise of Skywalker,0,2019,141,"Action,Adventure,Fantasy"
7,Toy Story 4,Tom Hanks,38.219,Tim Allen,21.108,Annie Potts,14.156,Tony Hale,14.662,Keegan-Michael Key,7.168,7,1073394593,434038008,40.4,639356585,59.6,97.0,94.0,G,JoshCooley,"MarkNielsen,JonasRivera,GalynSusman",6-21-2019,434000000.0,7.7,235938,movie,Toy Story 4,0,2019,100,"Adventure,Animation,Comedy"
8,Aladdin,Will Smith,29.79,Mena Massoud,9.149,Naomi Scott,34.437,Marwan Kenzari,8.035,Navid Negahban,5.577,8,1050693953,355559216,33.8,695134737,66.2,57.0,94.0,PG,GuyRitchie,"DanLin,JonathanEirich",5-24-2019,355600000.0,6.9,255653,movie,Aladdin,0,2019,128,"Adventure,Comedy,Family"
9,Jumanji: The Next Level,Dwayne Johnson,32.997,Kevin Hart,13.481,Jack Black,27.531,Karen Gillan,51.962,Awkwafina,42.502,9,800059707,320314960,40,479744747,60,71.0,87.0,PG-13,JakeKasdan,"DanyGarcia,HiramGarcia,DwayneJohnson,JakeKasdan,MatthewTolmach",12-13-2019,316800000.0,6.7,235452,movie,Jumanji: The Next Level,0,2019,123,"Action,Adventure,Comedy"
10,Fast & Furious Presents: Hobbs & Shaw,Dwayne Johnson,32.997,Jason Statham,69.651,Idris Elba,24.749,Vanessa Kirby,24.867,Helen Mirren,23.338,10,759056935,173956935,22.9,585100000,77.1,67.0,88.0,PG-13,DavidLeitch,"DwayneJohnson,JasonStatham,ChrisMorgan,HiramGarcia",8-2-2019,173800000.0,6.5,204048,movie,Fast & Furious Presents: Hobbs & Shaw,0,2019,137,"Action,Adventure,Thriller"
11,Ne Zha,Yanting Lü,3.092,Joseph,1.105,Mo Han,2.645,Chen Hao,0.98,Qi Lü,0.6,11,726063471,3695533,0.5,722367938,99.5,88.0,98.0,,YuYang,,9-6-2019,3700000.0,7.4,7320,movie,Ne Zha zhi mo tong jiang shi,0,2019,110,"Action,Adventure,Animation"
12,The Wandering Earth,Qu Chuxiao,12.965,Li Guangjie,3.655,Zhao Jinmai,10.315,Wu Jing,27.563,Ng Man-tat,16.434,12,699856699,5971413,0.9,693885286,99.1,69.0,48.0,,FrantGwo,GongGeer,2-8-2019,2200000.0,5.9,29900,movie,Liu lang di qiu,0,2019,125,"Action,Adventure,Sci-Fi"
13,How to Train Your Dragon: The Hidden World,Jay Baruchel,24.616,America Ferrera,14.79,F. Murray Abraham,43.819,Cate Blanchett,20.869,Gerard Butler,21.026,13,521799505,160799505,30.8,361000000,69.2,90.0,86.0,PG,DeanDeBlois,"BradLewis,BonnieArnold",2-22-2019,160800000.0,7.4,121790,movie,How to Train Your Dragon: The Hidden World,0,2019,104,"Action,Adventure,Animation"
14,Maleficent: Mistress of Evil,Angelina Jolie,13.484,Elle Fanning,19.65,Harris Dickinson,16.789,Michelle Pfeiffer,20.196,Sam Riley,8.794,14,491730089,113929605,23.2,377800484,76.8,39.0,95.0,PG,JoachimRønning,"JoeRoth,AngelinaJolie,DuncanHenderson",10-18-2019,113900000.0,6.6,100398,movie,Maleficent: Mistress of Evil,0,2019,119,"Adventure,Family,Fantasy"
15,It Chapter Two,Bill Skarsgård,30.115,James McAvoy,30.715,Jessica Chastain,17.001,Bill Hader,16.702,Isaiah Mustafa,8.799,15,473093228,211593228,44.7,261500000,55.3,62.0,78.0,R,AndyMuschietti,"DanLin,RoyLee,BarbaraMuschietti",9-6-2019,211600000.0,6.5,246287,movie,It Chapter Two,0,2019,169,"Drama,Fantasy,Horror"
16,"My People, My Country",Ge You,3.421,Huang Bo,13.595,Zhang Yi,14.343,Simon Yam,12.039,Song Jia,12.859,16,450064993,2356683,0.5,447708310,99.5,,68.0,,"ChenKaige,HuGuan",JianxinHuang,,2400000.0,6.4,1774,movie,Wo he wo de zu guo,0,2019,154,"Drama,History"
17,Pokémon Detective Pikachu,Justice Smith,14.942,Ryan Reynolds,40.796,Kathryn Newton,15.268,Bill Nighy,22.155,Ken Watanabe,19.69,17,433005346,144105346,33.3,288900000,66.7,68.0,79.0,PG,RobLetterman,"MaryParent,CaleBoyter,HidenagaKatakami,DonMcGowan",5-10-2019,144100000.0,6.6,155925,movie,Pokémon: Detective Pikachu,0,2019,104,"Action,Adventure,Comedy"
18,The Secret Life of Pets 2,Patton Oswalt,15.44,Kevin Hart,14.271,Eric Stonestreet,6.607,Jenny Slate,19.87,Tiffany Haddish,8.655,18,430051293,158874395,36.9,271176898,63.1,60.0,90.0,PG,ChrisRenaud,"ChristopherMeledandri,JanetHealy",6-7-2019,158200000.0,6.5,59729,movie,The Secret Life of Pets 2,0,2019,86,"Adventure,Animation,Comedy"
19,The Captain,Taika Waititi,23.617,Nash Edgerton,3.063,David Michôd,2.661,Joel Edgerton,13.173,Andy Bate,0.6,19,417282021,706572,0.2,416575449,99.8,,,,,,,,6.2,2013,movie,Zhong guo ji zhang,0,2019,111,"Action,Adventure,Drama"
20,Alita: Battle Angel,Rosa Salazar,31.918,Christoph Waltz,17.447,Jennifer Connelly,73.578,Mahershala Ali,16.961,Ed Skrein,19.131,20,404980543,85838210,21.2,319142333,78.8,61.0,92.0,PG-13,RobertRodriguez,"JamesCameron,JonLandau",2-14-2019,85800000.0,7.3,257456,movie,Alita: Battle Angel,0,2019,122,"Action,Adventure,Sci-Fi"
21,Godzilla: King of the Monsters,Kyle Chandler,14.533,Vera Farmiga,28.396,Millie Bobby Brown,16.633,Ken Watanabe,19.69,Zhang Ziyi,14.867,21,386600138,110500138,28.6,276100000,71.4,42.0,83.0,PG-13,MichaelDougherty,"MaryParent,AlexGarcia,ThomasTull,JonJashni,BrianRogers",5-31-2019,110500000.0,6.0,174653,movie,Godzilla: King of the Monsters,0,2019,132,"Action,Adventure,Fantasy"
22,1917,George MacKay,17.702,Dean-Charles Chapman,15.431,Mark Strong,32.173,Andrew Scott,23.724,Richard Madden,29.205,22,384919389,159227644,41.4,225691745,58.6,88.0,88.0,R,SamMendes,"SamMendes,PippaHarris,Jayne-AnnTenggren,CallumMcDougall,BrianOliver",1-10-2020,159200000.0,8.3,542091,movie,1917,0,2019,119,"Action,Drama,War"
23,Once Upon a Time... In Hollywood,Leonardo DiCaprio,24.953,Brad Pitt,26.942,Margot Robbie,29.861,Emile Hirsch,21.719,Margaret Qualley,12.866,23,374375059,142502728,38.1,231872331,61.9,85.0,70.0,R,QuentinTarantino,"DavidHeyman,ShannonMcIntosh,QuentinTarantino",7-26-2019,142400000.0,7.6,680313,movie,Once Upon a Time in... Hollywood,0,2019,161,"Comedy,Drama"
24,Shazam!,Zachary Levi,21.383,Asher Angel,11.792,Mark Strong,25.911,Jack Dylan Grazer,12.228,Adam Brody,12.543,24,365971656,140371656,38.4,225600000,61.6,90.0,82.0,PG-13,DavidF.Sandberg,PeterSafran,4-5-2019,140400000.0,7.0,314627,movie,Shazam!,0,2019,132,"Action,Adventure,Comedy"
25,Dumbo,Sterling Holloway,4.586,Herman Bing,1.165,John McLeish,1.848,Edward Brophy,3.051,James Baskett,1.955,25,353284621,114766307,32.5,238518314,67.5,46.0,48.0,PG,TimBurton,"JustinSpringer,EhrenKruger,KatterliFrauenfelder,DerekFrey",3-29-2019,114800000.0,6.3,73529,movie,Dumbo,0,2019,112,"Adventure,Family,Fantasy"
26,Crazy Alien,Huang Bo,13.595,Shen Teng,10.846,Matthew Morrison,7.463,Tom Pelphrey,14.99,Daniel Hugh Kelly,1.577,26,327598891,-,-,327598891,100,,50.0,,UnknownDirector,,,,5.7,1274,movie,Feng kuang de wai xing ren,0,2019,116,"Comedy,Sci-Fi"
27,John Wick: Chapter 3 - Parabellum,Keanu Reeves,58.599,Halle Berry,22.434,Laurence Fishburne,29.959,Mark Dacascos,23.7,Asia Kate Dillon,15.668,27,326709727,171015687,52.3,155694040,47.7,89.0,86.0,R,ChadStahelski,"BasilIwanyk,EricaLee",5-17-2019,171000000.0,7.4,323633,movie,John Wick: Chapter 3 - Parabellum,0,2019,130,"Action,Crime,Thriller"
28,Knives Out,Daniel Craig,18.56,Chris Evans,15.319,Ana de Armas,106.62,Jamie Lee Curtis,15.757,Michael Shannon,24.951,28,311605581,165363234,53.1,146242347,46.9,97.0,92.0,PG-13,RianJohnson,"RianJohnson,RamBergman,JonathanGolfman,BryeAdler",11-27-2019,165400000.0,7.9,582979,movie,Knives Out,0,2019,130,"Comedy,Crime,Drama"
29,Terminator: Dark Fate,Linda Hamilton,12.09,Arnold Schwarzenegger,30.027,Mackenzie Davis,26.204,Natalia Reyes,5.754,Gabriel Luna,7.356,29,261119292,62253077,23.8,198866215,76.2,70.0,82.0,R,TimMiller,"JamesCameron,DavidEllison",11-1-2019,62200000.0,6.2,170653,movie,Terminator: Dark Fate,0,2019,128,"Action,Adventure,Sci-Fi"
30,Parasite,Robert Glaudini,0.624,Demi Moore,10.693,Luca Bercovici,4.355,James Davidson,1.205,Al Fann,4.163,30,258632621,53369749,20.6,205262872,79.4,,0.0,R,AndrewPrendergast,"ChrisKingsley,JasonKingsley",,,8.5,731806,movie,Gisaengchung,0,2019,132,"Comedy,Drama,Thriller"
31,Pegasus,Kelly Sheridan,7.845,Kathleen Barr,13.721,Lalainia Lindbjerg,0.98,Colin Murdock,4.316,Mark Hildreth,3.167,31,255863112,-,-,255863112,100,,,,,,,,6.3,1734,movie,Fei chi ren sheng,0,2019,98,"Comedy,Sport"
32,Us,Lupita Nyong'o,14.456,Winston Duke,6.996,Shahadi Wright Joseph,2.625,Evan Alex,3.331,Tim Heidecker,8.148,32,255184580,175084580,68.6,80100000,31.4,,,,,,,,6.8,272302,movie,Us,0,2019,116,"Horror,Mystery,Thriller"
33,Men in Black: International,Chris Hemsworth,36.221,Tessa Thompson,9.288,Rebecca Ferguson,48.521,Kumail Nanjiani,12.183,Rafe Spall,11.42,33,253890701,80001807,31.5,173888894,68.5,23.0,66.0,PG-13,F.GaryGray,"WalterF.Parkes,LaurieMacDonald",6-14-2019,80000000.0,5.6,129326,movie,Men in Black: International,0,2019,114,"Action,Adventure,Comedy"
34,X-Men: Dark Phoenix,Sophie Turner,17.375,James McAvoy,27.215,Nicholas Hoult,28.892,Tye Sheridan,15.242,Michael Fassbender,20.902,34,252442974,65845974,26.1,186597000,73.9,,,,,,,,5.7,179013,movie,Dark Phoenix,0,2019,113,"Action,Adventure,Sci-Fi"
35,Glass,James McAvoy,30.715,Bruce Willis,25.856,Samuel L. Jackson,56.705,Anya Taylor-Joy,38.002,Sarah Paulson,16.392,35,246999039,111048468,45,135950571,55,36.0,67.0,PG-13,M.NightShyamalan,"JasonBlum,M.NightShyamalan,AshwinRajan,MarcBienstock",1-18-2019,111000000.0,6.6,233319,movie,Glass,0,2019,129,"Drama,Sci-Fi,Thriller"
36,The Bravest,,,,,,,,,,,36,245179562,290217,0.1,244889345,99.9,,,,TonyChan,"AndrewLauWai-Keung,PeggyLeeKam-Man",8-9-2019,278.1K,5.7,940,movie,Lie huo ying xiong,0,2019,118,"Action,Drama,Family"
37,Annabelle Comes Home,Mckenna Grace,57.227,Madison Iseman,15.595,Katie Sarife,4.493,Vera Farmiga,28.396,Patrick Wilson,31.977,37,231252591,74152591,32.1,157100000,67.9,64.0,70.0,R,GaryDauberman,"PeterSafran,JamesWan",6-26-2019,74100000.0,5.9,71834,movie,Annabelle Comes Home,0,2019,106,"Horror,Mystery,Thriller"
38,Better Days,Cody Brotter,0.6,Zachary Mooren,1.4,Mitch Eakins,1.465,Sara Lindsey,4.93,Jodi Moore Lewis,0.6,38,225918798,1921657,0.9,223997141,99.1,97.0,97.0,,DerekTsang,Yuet-JanHui,11-8-2019,1900000.0,4.9,115,movie,Better Days,0,2019,89,"Comedy,Drama"
39,Better Days,Cody Brotter,0.6,Zachary Mooren,1.4,Mitch Eakins,1.465,Sara Lindsey,4.93,Jodi Moore Lewis,0.6,39,225918798,1921657,0.9,223997141,99.1,97.0,97.0,,DerekTsang,Yuet-JanHui,11-8-2019,1900000.0,7.5,8725,movie,Shaonian de ni,0,2019,135,"Crime,Drama,Romance"
40,Ford v Ferrari,Christian Bale,26.638,Matt Damon,23.323,Jon Bernthal,24.637,Caitriona Balfe,8.68,Josh Lucas,10.904,40,225508210,117624357,52.2,107883853,47.8,92.0,98.0,PG-13,JamesMangold,"PeterChernin,JennoTopping,JamesMangold",11-15-2019,117600000.0,8.1,361640,movie,Ford v Ferrari,0,2019,152,"Action,Biography,Drama"
41,Little Women,Saoirse Ronan,21.955,Florence Pugh,21.962,Emma Watson,69.598,Eliza Scanlen,10.572,Laura Dern,14.988,41,216601214,108101214,49.9,108500000,50.1,95.0,92.0,PG,GretaGerwig,"DeniseDiNovi,AmyPascal,RobinSwicord",12-25-2019,108100000.0,7.8,188252,movie,Little Women,0,2019,135,"Drama,Romance"
42,The Addams Family,Oscar Isaac,60.716,Charlize Theron,40.523,Javon Walton,7.591,Chloë Grace Moretz,56.69,Nick Kroll,14.161,42,203044905,100044905,49.3,103000000,50.7,45.0,69.0,PG,"ConradVernon,GregTiernan","GailBerman,ConradVernon,AlexSchwartz,AlisonO'Brien",10-11-2019,673.0K,5.8,37219,movie,The Addams Family,0,2019,86,"Animation,Comedy,Family"
43,Rocketman,Taron Egerton,16.392,Jamie Bell,19.222,Richard Madden,25.349,Bryce Dallas Howard,24.741,Gemma Jones,8.025,43,195320400,96368160,49.3,98952240,50.7,89.0,88.0,R,DexterFletcher,"MatthewVaughn,DavidFurnish,AdamBohling,DavidReid",5-31-2019,96300000.0,7.3,167861,movie,Rocketman,0,2019,121,"Biography,Drama,Musical"
44,Rocketman,Taron Egerton,16.392,Jamie Bell,19.222,Richard Madden,25.349,Bryce Dallas Howard,24.741,Gemma Jones,8.025,44,195320400,96368160,49.3,98952240,50.7,89.0,88.0,R,DexterFletcher,"MatthewVaughn,DavidFurnish,AdamBohling,DavidReid",5-31-2019,96300000.0,6.2,199,movie,Rocketman,0,2019,94,"Adventure,Comedy,Documentary"
45,Weathering with You,Kotaro Daigo,4.816,Nana Mori,9.639,Tsubasa Honda,11.536,Sakura Kiryu,3.937,Sei Hiraizumi,3.364,45,193932489,8056636,4.2,185875853,95.8,92.0,96.0,PG-13,MakotoShinkai,"GenkiKawamura,,KôichirôItô,NoritakaKawaguchi",1-15-2020,7800000.0,7.5,35856,movie,Tenki no ko,0,2019,112,"Animation,Drama,Fantasy"
46,Downton Abbey,Hugh Bonneville,11.481,Laura Carmichael,6.097,Jim Carter,5.582,Raquel Cassidy,8.912,Brendan Coyle,8.013,46,193795496,96854135,50,96941361,50,84.0,94.0,PG,MichaelEngler,"GarethNeame,JulianFellowes,LizTrubridge",9-20-2019,96800000.0,7.4,51496,movie,Downton Abbey,0,2019,122,"Drama,Romance"
47,The Lego Movie 2: The Second Part,Chris Pratt,27.826,Elizabeth Banks,14.855,Will Arnett,16.336,Tiffany Haddish,8.655,Stephanie Beatriz,24.028,47,192306508,105806508,55,86500000,45,84.0,68.0,PG,MikeMitchell,"DanLin,PhilLord,ChrisMiller,RoyLee,JinkoGotoh",2-8-2019,105800000.0,6.6,63505,movie,The Lego Movie 2: The Second Part,0,2019,107,"Action,Adventure,Animation"
48,Sheep Without a Shepherd,Xiao Yang,5.011,Tan Zhuo,6.801,Joan Chen,12.76,Philip Keung,6.731,Paul Chun,2.763,48,191602146,-,-,191602146,100,100.0,,,SamQuah,EricZhaoweiZhang,12-19-2019,,6.8,1394,movie,Wu sha,0,2019,112,"Crime,Drama,Thriller"
49,The White Storm 2: Drug Lords,Andy Lau,16.233,Louis Koo,16.886,Michael Miu,6.099,Karena Lam,2.279,Chrissie Chau,9.554,49,189396380,609461,0.3,188786919,99.7,57.0,61.0,,HermanYau,AndyLau,,,6.0,1234,movie,So duk 2: Tin dei duei kuet,0,2019,99,"Action,Crime"
50,Abominable,Chloe Bennet,13.243,Albert Tsai,3.72,Tenzing Norgay Trainor,12.435,Joseph Izzo,1.793,Eddie Izzard,19.34,50,179053956,60716390,33.9,118337566,66.1,,12.0,,JamaalBurden,JustinPrice,,,7.0,37140,movie,Abominable,0,2019,97,"Adventure,Animation,Comedy"
51,Ip Man 4: The Finale,Donnie Yen,16.207,Wu Yue,13.796,Vanness Wu,9.171,Scott Adkins,15.83,Danny Chan Kwok-kwan,20.815,51,176345966,3956031,2.2,172389935,97.8,85.0,95.0,,WilsonYip,"DonnieYen,WilsonYip,RaymondPak-MingWong",12-25-2019,4000000.0,7.0,30840,movie,Yip Man 4,0,2019,107,"Action,Biography,Drama"
52,Gemini Man,Will Smith,33.966,Mary Elizabeth Winstead,26.06,Clive Owen,11.284,Benedict Wong,33.788,Douglas Hodge,3.895,52,173469516,48546770,28,124922746,72,26.0,83.0,PG-13,AngLee,"JerryBruckheimer,DavidEllison,DanaGoldberg,DonGranger",10-11-2019,48500000.0,5.7,110563,movie,Gemini Man,0,2019,117,"Action,Adventure,Sci-Fi"
53,Spies in Disguise,Will Smith,33.966,Tom Holland,128.32,Ben Mendelsohn,17.814,Rashida Jones,16.509,Karen Gillan,37.205,53,171616764,66757013,38.9,104859751,61.1,77.0,92.0,PG,"TroyQuane,NickBruno","PeterChernin,JennoTopping,MichaelJ.Travers",12-25-2019,66700000.0,6.8,46073,movie,Spies in Disguise,0,2019,102,"Action,Adventure,Animation"
54,Hustlers,Constance Wu,6.272,Jennifer Lopez,10.12,Julia Stiles,6.434,Keke Palmer,15.491,Lili Reinhart,10.989,54,157563598,104963598,66.6,52600000,33.4,87.0,65.0,R,LoreneScafaria,"JessicaElbaum,ElaineGoldsmith-Thomas,JenniferLopez,BennyMedina,WillFerrell,AdamMcKay",9-13-2019,105000000.0,6.3,95863,movie,Hustlers,0,2019,110,"Comedy,Crime,Drama"
55,The Climbers,Irene Rich,3.304,Clyde Cook,1.837,Forrest Stanley,0.6,Florence Fair,0.6,Myrna Loy,8.869,55,156892866,487157,0.3,156405709,99.7,33.0,80.0,,DanielLee,Zhong-lunRen,10-4-2019,482.4K,5.5,1211,movie,Pan deng zhe,0,2019,125,"Action,Adventure,Drama"
56,Escape Room,Taylor Russell,17.641,Logan Miller,14.811,Deborah Ann Woll,18.347,Jay Ellis,1.637,Nik Dodani,7.452,56,155712077,57005601,36.6,98706476,63.4,51.0,51.0,PG-13,AdamRobitel,"NealH.Moritz,OriMarmur",1-4-2019,57000000.0,6.4,115578,movie,Escape Room,0,2019,99,"Action,Adventure,Horror"
57,Yesterday,Himesh Patel,7.643,Lily James,24.325,Joel Fry,28.613,Ed Sheeran,4.393,Kate McKinnon,9.885,57,154608507,73286650,47.4,81321857,52.6,64.0,89.0,PG-13,DannyBoyle,"TimBevan,EricFellner,BernardBellew,MatthewJamesWilkinson,RichardCurtis,DannyBoyle",6-28-2019,73200000.0,6.8,147288,movie,Yesterday,0,2019,116,"Comedy,Fantasy,Music"
58,The Angry Birds Movie 2,Jason Sudeikis,8.331,Josh Gad,11.913,Leslie Jones,4.831,Bill Hader,16.702,Rachel Bloom,9.223,58,147792047,41667116,28.2,106124931,71.8,73.0,84.0,PG,ThuropVanOrman,JohnCohen,8-13-2019,41700000.0,6.4,27754,movie,The Angry Birds Movie 2,0,2019,97,"Action,Adventure,Animation"
59,Angel Has Fallen,Gerard Butler,18.085,Morgan Freeman,23.816,Jada Pinkett Smith,33.927,Nick Nolte,11.236,Danny Huston,7.01,59,146661977,69030436,47.1,77631541,52.9,39.0,93.0,R,RicRomanWaugh,"GerardButler,AlanSiegel,MatthewO'Toole,JohnThompson,LesWeldon,YarivLerner",8-23-2019,69000000.0,6.4,93699,movie,Angel Has Fallen,0,2019,121,"Action,Thriller"
60,Ad Astra,Brad Pitt,26.942,Tommy Lee Jones,27.694,Ruth Negga,14.57,John Ortiz,10.312,Liv Tyler,23.113,60,127461872,50188370,39.4,77273502,60.6,83.0,40.0,PG-13,JamesGray,"AnthonyKatagas,RodrigoTeixeira,ArnonMilchan,JamesGray,JeremyKleiner,DedeGardner,BradPitt",9-20-2019,50200000.0,6.5,225433,movie,Ad Astra,0,2019,123,"Adventure,Drama,Mystery"
61,Midway,Ed Skrein,13.665,Patrick Wilson,31.977,Woody Harrelson,19.341,Luke Evans,23.783,Mandy Moore,15.654,61,127420861,56846802,44.6,70574059,55.4,42.0,92.0,PG-13,RolandEmmerich,"RolandEmmerich,HaraldKloser,DongYu",11-8-2019,56800000.0,6.7,81191,movie,Midway,0,2019,138,"Action,Drama,History"
62,The Curse of La Llorona,Linda Cardellini,17.794,Raymond Cruz,14.665,Patricia Velásquez,12.972,Roman Christou,5.639,Jaynee-Lynne Kinchen,3.709,62,123133739,54733739,44.5,68400000,55.5,28.0,35.0,R,MichaelChaves,"JamesWan,GaryDauberman,EmileGladstone",4-19-2019,54700000.0,5.3,48159,movie,The Curse of La Llorona,0,2019,93,"Horror,Mystery,Thriller"
63,Looking Up,Marilyn Chris,0.84,Dick Shawn,2.05,Doris Belack,3.024,Harry Goz,2.738,Ellen Sherman,0.6,63,122994583,84267,<0.1,122910316,99.9,,,,ChaoDeng,LengYi,7-19-2019,,6.2,458,movie,Yin he bu xi ban,0,2019,147,Drama
64,Zombieland: Double Tap,Woody Harrelson,19.341,Jesse Eisenberg,30.679,Emma Stone,40.711,Abigail Breslin,23.194,Rosario Dawson,22.564,64,122810399,73123082,59.5,49687317,40.5,68.0,88.0,R,RubenFleischer,GavinPolone,10-18-2019,73100000.0,6.7,170503,movie,Zombieland: Double Tap,0,2019,99,"Action,Comedy,Horror"
65,Last Christmas,Emilia Clarke,17.338,Henry Golding,8.632,Michelle Yeoh,55.862,Emma Thompson,24.804,Lydia Leonard,6.817,65,121550750,35150750,28.9,86400000,71.1,47.0,81.0,PG-13,PaulFeig,"ErikBaiers,JessieHenderson,DavidLivingstone,EmmaThompson",11-8-2019,35100000.0,6.5,75496,movie,Last Christmas,0,2019,103,"Comedy,Drama,Fantasy"
66,Extreme Job,Kevin Hart,14.271,,,,,,,,,66,119932733,1565885,1.3,118366848,98.7,82.0,82.0,,LeeByeong-heon,,1-25-2019,1600000.0,7.0,9651,movie,Geukhanjikeob,0,2019,111,"Action,Comedy,Crime"
67,Dora and the Lost City of Gold,Isabela Merced,17.013,Jeffrey Wahlberg,7.764,Madeleine Madden,11.204,Eugenio Derbez,11.748,Michael Peña,22.593,67,119682635,60477943,50.5,59204692,49.5,85.0,88.0,PG,JamesBobin,KristinBurr,8-9-2019,60500000.0,6.1,29819,movie,Dora and the Lost City of Gold,0,2019,102,"Adventure,Animation,Comedy"
68,Wonder Park,Jennifer Garner,16.887,Matthew Broderick,9.649,John Oliver,4.383,Mila Kunis,20.107,Kenan Thompson,11.08,68,119559110,45216793,37.8,74342317,62.2,34.0,43.0,PG,DylanC.Brown,"JoshAppelbaum,AndreNemec,KendraHaaland",3-15-2019,45200000.0,5.8,11729,movie,Wonder Park,0,2019,85,"Adventure,Animation,Comedy"
69,P Storm,Louis Koo,16.886,Kevin Cheng,4.494,Raymond Lam,8.512,Gordon Lam,8.718,Chrissie Chau,9.554,69,117991727,326711,0.3,117665016,99.7,,,,DavidLam,"RaymondBak-MingWong,RenpengZhao",,,5.9,688,movie,'P' fung bou,0,2019,96,"Action,Crime"
70,Detective Conan: The Fist of Blue Sapphire,Minami Takayama,10.806,Kappei Yamaguchi,11.26,Wakana Yamazaki,3.604,Rikiya Koyama,7.883,Nobuyuki Hiyama,4.92,70,115570314,-,-,115570314,100,,,,,,,,6.3,1475,movie,Meitantei Conan: Konjo no fisuto,0,2019,109,"Action,Adventure,Animation"
71,The Gentlemen,Matthew McConaughey,20.491,Charlie Hunnam,18.698,Henry Golding,8.632,Michelle Dockery,11.298,Jeremy Strong,10.65,71,115171795,36471795,31.7,78700000,68.3,,,,,,,,7.8,308829,movie,The Gentlemen,0,2019,113,"Action,Comedy,Crime"
72,Pet Sematary,Dale Midkiff,8.514,Fred Gwynne,7.466,Denise Crosby,9.675,Brad Greenquist,1.706,Kavi Raz,1.4,72,113118226,54724696,48.4,58393530,51.6,57.0,33.0,R,"KevinKolsch,DennisWidmyer","LorenzodiBonaventura,StevenSchneider,MarkVahradian",4-5-2019,54700000.0,5.7,90545,movie,Pet Sematary,0,2019,101,"Horror,Mystery,Thriller"
73,Boonie Bears: Blast Into the Past,Chris Boike,1.094,Joseph S. Lambert,0.6,Siobhan Lumsden,1.13,Nichalia Schwartz,0.6,Nikki Stinson,0.6,73,112367881,-,-,112367881,100,,,,,,,,5.4,205,movie,Xiong chu mo: Yuan shi shi dai,0,2019,90,"Adventure,Animation,Fantasy"
74,Good Boys,Jacob Tremblay,12.784,Brady Noon,5.968,Keith L. Williams,6.951,Molly Gordon,9.967,Midori Francis,5.334,74,111037232,83140306,74.9,27896926,25.1,80.0,86.0,R,GeneStupnitsky,"LeeEisenberg,EvanGoldberg,SethRogen,JamesWeaver",8-16-2019,83100000.0,6.7,72088,movie,Good Boys,0,2019,90,"Adventure,Comedy"
75,Scary Stories to Tell in the Dark,Zoe Colletti,9.5,Dean Norris,19.16,Michael Garza,2.671,Gabriel Rush,4.796,Gil Bellows,15.6,75,104545505,68947075,65.9,35598430,34.1,77.0,72.0,PG-13,AndréØvredal,"GuillermodelToro,SeanDaniel,JasonF.Brown,J.MilesDale,ElizabethGrave",8-9-2019,68700000.0,6.2,73298,movie,Scary Stories to Tell in the Dark,0,2019,108,"Adventure,Horror,Mystery"
76,Line Walker 2: Invisible Spy,Nick Cheung,6.488,Louis Koo,16.886,Francis Ng,8.953,Huang Zhizhong,3.096,Jiang Peiyao,7.153,76,99482027,296751,0.3,99185276,99.7,86.0,73.0,,JazzBoon,,8-16-2019,293.7K,6.1,805,movie,Shi tu xing zhe 2: Die ying xing dong,0,2019,98,"Action,Crime,Thriller"
77,The New King of Comedy,E Jingwen,2.143,Baoqiang Wang,6.389,Zhang Quandan,3.659,Jing Ruyang,1.094,Zhang Qi,0.6,77,95618308,-,-,95618308,100,,60.0,,StephenChow,,,,6.2,1631,movie,The New King of Comedy,0,2019,90,"Comedy,Drama"
78,The Hustle,Anne Hathaway,36.931,Rebel Wilson,10.1,Alex Sharp,2.446,Ingrid Oliver,1.201,Nicholas Woodeson,4.218,78,95017038,35417038,37.3,59600000,62.7,13.0,43.0,PG-13,ChrisAddison,"RogerBirnbaum,RebelWilson",5-10-2019,35400000.0,5.4,57122,movie,The Hustle,0,2019,93,"Comedy,Crime"
79,Adoring,,,,,,,,,,,79,94975692,-,-,94975692,100,,,,LarryYang,VictoriaHon,,,5.5,175,movie,Chong ai,0,2019,108,"Drama,Family,Romance"
80,Crawl,Kaya Scodelario,44.822,Barry Pepper,22.121,Morfydd Clark,10.497,Ross Anderson,0.84,Jose Palma,1.219,80,91542097,39014193,42.6,52527904,57.4,84.0,75.0,R,AlexandreAja,"CraigJ.Flores,SamRaimi,AlexandreAja",7-12-2019,39000000.0,6.1,81649,movie,Crawl,0,2019,87,"Action,Adventure,Horror"
81,Five Feet Apart,Haley Lu Richardson,13.103,Cole Sprouse,14.414,Moisés Arias,10.206,Kimberly Hebert Gregory,5.438,Parminder Nagra,22.184,81,91522094,45729221,50,45792873,50,53.0,79.0,PG-13,JustinBaldoni,"CathySchulman,JustinBaldoni",3-15-2019,45700000.0,7.2,60965,movie,Five Feet Apart,0,2019,116,"Drama,Romance"
82,Rambo: Last Blood,Sylvester Stallone,32.593,Paz Vega,15.854,Sergio Peris-Mencheta,12.121,Adriana Barraza,3.524,Yvette Monreal,10.443,82,91490353,44819352,49,46671001,51,27.0,81.0,R,AdrianGrunberg,"AviLerner,KevinKingTempleton,YarivLerner,LesWeldon",9-20-2019,44800000.0,6.1,94063,movie,Rambo: Last Blood,0,2019,89,"Action,Thriller"
83,Jojo Rabbit,Roman Griffin Davis,2.363,Thomasin McKenzie,30.893,Scarlett Johansson,38.188,Taika Waititi,23.617,Sam Rockwell,13.281,83,90335025,33370906,36.9,56964119,63.1,80.0,94.0,PG-13,TaikaWaititi,"CarthewNeal,TaikaWaititi,ChelseaWinstanley",11-8-2019,33400000.0,7.9,363780,movie,Jojo Rabbit,0,2019,108,"Comedy,Drama,War"
84,Serial (Bad) Weddings 2,Christian Clavier,6.446,Chantal Lauby,8.669,Ary Abittan,3.725,Medi Sadoun,4.617,Frédéric Chau,1.128,84,87761857,-,-,87761857,100,,67.0,,PhilippedeChauveron,RomainRojtman,,,6.1,7484,movie,Qu'est-ce qu'on a encore fait au bon Dieu?,0,2019,99,"Comedy,Drama"
85,One Piece: Stampede,Mayumi Tanaka,12.81,Kazuya Nakai,10.996,Akemi Okamura,5.632,Kappei Yamaguchi,11.26,Hiroaki Hirata,7.274,85,81562741,1298528,1.6,80264213,98.4,94.0,99.0,,TakashiOtsuka,,,,7.6,5492,movie,One Piece: Stampede,0,2019,101,"Action,Adventure,Animation"
86,A Dog's Way Home,Ashley Judd,14.057,Jonah Hauer-King,6.04,Edward James Olmos,9.276,Alexandra Shipp,24.492,Chris Bauer,8.037,86,80708134,42004346,52,38703788,48,59.0,70.0,PG,CharlesMartinSmith,GavinPolone,1-11-2019,42000000.0,6.7,17410,movie,A Dog's Way Home,0,2019,96,"Adventure,Drama,Family"
87,Cold Pursuit,Liam Neeson,33.989,Laura Dern,14.988,Emmy Rossum,17.786,Michael Eklund,8.959,Micheál Richardson,4.612,87,76419755,32138862,42.1,44280893,57.9,68.0,49.0,R,HansPetterMoland,"MichaelShamberg,AmeetShukla,SteinB.Kvae,FinnGjerdrum",2-8-2019,32100000.0,6.2,67271,movie,Cold Pursuit,0,2019,119,"Action,Comedy,Crime"
88,A Dog's Journey,Marg Helgenberger,18.122,Betty Gilpin,16.992,Henry Lau,13.111,Kathryn Prescott,2.836,Dennis Quaid,13.1,88,75741734,22782371,30.1,52959363,69.9,51.0,91.0,PG,GailMancuso,GavinPolone,5-17-2019,22500000.0,7.4,23775,movie,A Dog's Journey,0,2019,109,"Adventure,Comedy,Drama"
89,A Madea Family Funeral,Cassi Davis,8.625,Patrice Lovely,3.029,Tyler Perry,7.41,Jen Harper,0.652,Derek Morgan,1.26,89,74747725,73257045,98,1490680,2,11.0,30.0,PG-13,TylerPerry,"TylerPerry,MarkE.Swinton,WillAreu,OzzieAreu",3-1-2019,73200000.0,4.5,4429,movie,A Madea Family Funeral,0,2019,109,"Comedy,Drama"
90,Cats,Jeff Goldblum,13.337,Elizabeth Perkins,11.128,Alexander Pollock,3.34,Miriam Margolyes,6.245,Tobey Maguire,29.442,90,73833348,27166770,36.8,46666578,63.2,,,,,,,,2.8,49585,movie,Cats,0,2019,110,"Comedy,Drama,Family"
91,Charlie's Angels,Kristen Stewart,28.953,Naomi Scott,24.598,Ella Balinska,5.083,Elizabeth Banks,14.855,Patrick Stewart,16.314,91,73279888,17803077,24.3,55476811,75.7,52.0,78.0,PG-13,ElizabethBanks,"DougBelgrad,ElizabethCantillon,ElizabethBanks,MaxHandelman",11-15-2019,17800000.0,4.9,69939,movie,Charlie's Angels,0,2019,118,"Action,Adventure,Comedy"
92,Doctor Sleep,Ewan McGregor,15.899,Kyliegh Curran,2.731,Rebecca Ferguson,48.521,Cliff Curtis,16.479,Zahn McClarnon,14.151,92,72381712,31581712,43.6,40800000,56.4,78.0,89.0,R,MikeFlanagan,"TrevorMacy,JonBerg",11-8-2019,31600000.0,7.3,180798,movie,Doctor Sleep,0,2019,152,"Drama,Fantasy,Horror"
93,What Men Want,Taraji P. Henson,12.785,Aldis Hodge,10.583,Josh Brener,4.14,Erykah Badu,3.148,Richard Roundtree,8.432,93,72216294,54611903,75.6,17604391,24.4,42.0,33.0,R,AdamShankman,"WillPacker,JamesLopez",2-8-2019,54600000.0,5.3,27557,movie,What Men Want,0,2019,117,"Comedy,Fantasy,Romance"
94,After,Josephine Langford,23.354,Hero Fiennes Tiffin,13.794,Shane Paul McGhie,6.954,Khadijha Red Thunder,5.375,Dylan Arnold,16.194,94,69518232,12138565,17.5,57379667,82.5,88.0,67.0,PG,Kogonada,"AndrewGoldman,CarolineKaplan,PaulMezey,TheresaPark",3-4-2022,,5.4,51463,movie,After,0,2019,105,"Drama,Romance"
95,Exit,Havana Rose Liu,7.559,Danny Ramirez,7.247,Dennis Haysbert,12.135,David Rysdahl,5.421,Dale Dickey,17.99,95,69501772,470699,0.7,69031073,99.3,,46.0,,PeterLindmark,"SteveAalam,ThomasAllercrantz,DanielCollert,StenJohansson,PeterLindmark",,,7.0,5700,movie,Eksiteu,0,2019,103,"Action,Comedy"
96,Playing with Fire,John Cena,15.948,Keegan-Michael Key,5.226,John Leguizamo,11.213,Tyler Mane,5.586,Brianna Hildebrand,24.067,96,69412425,44451847,64,24960578,36,24.0,77.0,PG,AndyFickman,"ToddGarner,SeanRobins",11-8-2019,20500000.0,5.1,14244,movie,Playing with Fire,0,2019,96,"Comedy,Family"
97,A Beautiful Day in the Neighborhood,Matthew Rhys,8.457,Tom Hanks,27.299,Chris Cooper,6.765,Susan Kelechi Watson,6.255,Maryann Plunkett,2.76,97,67925733,61704055,90.8,6221678,9.2,95.0,92.0,PG,MarielleHeller,"YoureeHenley,PeterSaraf,MarcTurtletaub,LeahHolzer",11-22-2019,61700000.0,7.3,76062,movie,A Beautiful Day in the Neighborhood,0,2019,109,"Biography,Drama"
98,War,Arie Thompson,1.732,William Baldwin,16.007,Noel Gugliemi,24.947,Rashod Freelove,0.6,Kennedy Porter,0.694,98,67179155,4654000,6.9,62525155,93.1,,,,AmarHundal,GippyGrewal,11-19-2021,,6.6,23608,movie,War,0,2019,154,"Action,Adventure,Thriller"
99,Eiga Doraemon: Nobita no getsumen tansaki,Wasabi Mizuta,6.349,Megumi Oohara,3.434,Yumi Kakazu,3.533,Tomokazu Seki,12.709,Subaru Kimura,15.999,99,65406606,-,-,65406606,100,,,,,,,,7.0,723,movie,Eiga Doraemon: Nobita no getsumen tansaki,0,2019,111,"Action,Adventure,Animation"
100,Happy Death Day 2U,Jessica Rothe,14.017,Israel Broussard,8.913,Ruby Modine,8.175,Suraj Sharma,3.276,Rachel Matthews,7.904,100,64600152,28148130,43.6,36452022,56.4,71.0,58.0,PG-13,ChristopherLandon,JasonBlum,2-13-2019,28000000.0,6.2,70639,movie,Happy Death Day 2U,0,2019,100,"Comedy,Horror,Mystery"
101,White Snake,Zhang Zhe,3.384,Yang Tianxiang,8.596,Tang Xiaoxi,5.404,Liu Ziling,0.6,Zhang Yaohan,1.4,101,62098770,34730,<0.1,62064040,99.9,70.0,84.0,,AmpWong,"StephanieSheh,MichaelSinterniklaas",11-15-2019,33.9K,7.1,4054,movie,Bai She: Yuan qi,0,2019,99,"Action,Adventure,Animation"
102,Bombshell,Charlize Theron,40.523,Nicole Kidman,23.379,Margot Robbie,29.861,John Lithgow,17.218,Allison Janney,8.247,102,61404394,31762808,51.7,29641586,48.3,67.0,84.0,R,JayRoach,"AaronL.Gilbert,JayRoach,RobertGraf,MichelleGraham,CharlesRandolph,MargaretRiley,CharlizeTheron,BethKono,A.J.Dix",12-20-2019,31700000.0,6.8,110452,movie,Bombshell,0,2019,109,"Biography,Drama"
103,Ashfall,Lee Byung-hun,18.029,Ha Jung-woo,9.169,Ma Dong-seok,18.473,Jeon Hye-jin,4.528,Bae Suzy,16.858,103,61354854,372562,0.6,60982292,99.4,73.0,74.0,,"KimByeong-seo,LeeHae-jun","KangMyeong-chan,LeeHae-jun",12-20-2019,233.0K,6.2,4554,movie,Baekdusan,0,2019,130,"Action,Adventure,Thriller"
104,Ma,Octavia Spencer,10.21,Diana Silvers,17.649,Juliette Lewis,16.435,Corey Fogelmanis,4.088,McKaley Miller,7.844,104,61105672,45896028,75.1,15209644,24.9,57.0,,,"BenjaminBergmann,JonoBergmann","KarolMartesko,BenjaminBergmann,JonoBergmann",5-13-2022,,5.6,51807,movie,Ma,0,2019,99,"Horror,Mystery,Thriller"
105,My Best Summer,Arthur Chen,2.066,He Landou,8.691,Kara Hui,9.549,Zhou Chu-chu,2.611,Wang Lingyu,2.388,105,60011073,-,-,60011073,100,,,,,,,,6.0,218,movie,Zui hao de wo men,0,2019,109,"Drama,Romance"
106,Ready or Not,Samara Weaving,23.726,Adam Brody,12.543,Mark O'Brien,6.506,Henry Czerny,9.503,Andie MacDowell,8.876,106,57615777,28714231,49.8,28901546,50.2,,,,"DavidModigliani,PalomaMartinez",,,,6.8,139042,movie,Ready or Not,0,2019,95,"Action,Comedy,Horror"
107,Jade Dynasty,Xiao Zhan,26.716,Li Qin,9.762,Meng Meiqi,3.032,Tang Yixin,9.916,Cecilia Yip,5.964,107,57149764,-,-,57149764,100,,,,,,,,6.5,1744,movie,Zhu xian I,0,2019,101,"Action,Fantasy,Romance"
108,Das perfekte Geheimnis,Elyas M'Barek,12.524,Florian David Fitz,7.489,Jella Haase,10.517,Karoline Herfurth,12.648,Frederick Lau,6.524,108,56573047,-,-,56573047,100,,,,,,,,6.6,5256,movie,Das perfekte Geheimnis,0,2019,120,"Comedy,Drama,Romance"
109,The Big Shot,Humphrey Bogart,8.595,Irene Manning,0.6,Richard Travis,5.506,Susan Peters,1.4,Stanley Ridges,1.856,109,56040681,-,-,56040681,100,,,,BaiWu,,,,5.8,238,movie,Da ren wu,0,2019,107,"Action,Crime"
110,Hellboy,David Harbour,14.309,Milla Jovovich,16.232,Ian McShane,20.779,Sasha Lane,6.617,Daniel Dae Kim,11.747,110,55064690,21903748,39.8,33160942,60.2,18.0,48.0,R,NeilMarshall,"LawrenceGordon,LloydLevin,MikeRichardson,PhilipWestgren,CarlHampe,JohnThompson,MatthewO'Toole,LesWeldon,YarivLerner",4-12-2019,21900000.0,5.2,87270,movie,Hellboy,0,2019,120,"Action,Adventure,Fantasy"
111,Long Shot,Charlize Theron,40.523,Seth Rogen,19.602,O'Shea Jackson Jr.,3.87,Andy Serkis,16.501,June Diane Raphael,11.469,111,53873809,30316271,56.3,23557538,43.7,81.0,74.0,R,JonathanLevine,"CharlizeTheron,A.J.Dix,BethKono,EvanGoldberg,SethRogen,JamesWeaver",5-3-2019,30300000.0,6.8,107825,movie,Long Shot,0,2019,125,"Comedy,Romance"
112,Kingdom,Chris Pratt,27.826,Bryce Dallas Howard,24.741,Rafe Spall,11.42,Justice Smith,14.942,Daniella Pineda,18.908,112,50574061,-,-,50574061,100,51.0,76.0,R,PeterBerg,"MichaelMann,ScottStuber",9-28-2007,47500000.0,6.6,2194,movie,Kingudamu,0,2019,134,"Action,History,War"
113,Breakthrough,Chrissy Metz,6.764,Josh Lucas,10.904,Topher Grace,9.624,Mike Colter,9.16,Marcel Ruiz,5.334,113,50444358,40713082,80.7,9731276,19.3,63.0,79.0,PG,RoxannDawson,DeVonFranklin,4-17-2019,40700000.0,5.1,207,movie,Preboj,0,2019,90,"Drama,War"
114,Breakthrough,Chrissy Metz,6.764,Josh Lucas,10.904,Topher Grace,9.624,Mike Colter,9.16,Marcel Ruiz,5.334,114,50444358,40713082,80.7,9731276,19.3,63.0,79.0,PG,RoxannDawson,DeVonFranklin,4-17-2019,40700000.0,6.2,9556,movie,Breakthrough,0,2019,116,"Biography,Drama"
115,Just Mercy,Michael B. Jordan,17.315,Brie Larson,26.14,Jamie Foxx,20.417,O'Shea Jackson Jr.,3.87,Rafe Spall,11.42,115,50401502,36001502,71.4,14400000,28.6,85.0,99.0,PG-13,DestinDanielCretton,"GilNetter,AsherGoldstein,MichaelB.Jordan",1-10-2020,36000000.0,7.6,63867,movie,Just Mercy,0,2019,137,"Biography,Crime,Drama"
116,Uncut Gems,Adam Sandler,14.625,Julia Fox,8.412,Lakeith Stanfield,6.236,Idina Menzel,10.721,Kevin Garnett,3.735,116,50023780,50023780,100,-,-,92.0,52.0,R,"BenSafdie,JoshuaSafdie","SebastianBear-McClard,OscarBoyson",12-25-2019,50000000.0,7.4,263048,movie,Uncut Gems,0,2019,135,"Crime,Drama,Thriller"
117,21 Bridges,Chadwick Boseman,13.943,Sienna Miller,17.392,J.K. Simmons,17.78,Stephan James,4.782,Taylor Kitsch,18.299,117,49939757,28539757,57.1,21400000,42.9,54.0,91.0,R,BrianKirk,"AnthonyRusso,JoeRusso,MikeLarocca,RobertSimonds,GigiPritzker,ChadwickBoseman,LoganColes",11-22-2019,28500000.0,6.6,63243,movie,21 Bridges,0,2019,99,"Action,Thriller"
118,Song of Youth,Qian Yu,4.102,Tang Mengjia,0.6,Wang Guangyuan,1.673,Qin Mingyue,0.6,Xu Zili,0.677,118,49615508,-,-,49615508,100,,,,,,,,6.2,277,movie,Lao shi · Hao,0,2019,112,"Comedy,Drama"
119,Little,Michael J. Fox,11.027,Chazz Palminteri,6.057,Nathan Lane,5.982,Geena Davis,8.093,Hugh Laurie,13.418,119,48987096,40860481,83.4,8126615,16.6,12.0,55.0,PG-13,KeenenIvoryWayans,"RickAlvarez,LeeR.Mayes,KeenenIvoryWayans,MarlonWayans,ShawnWayans,JoeRoth",7-14-2006,58300000.0,5.5,13168,movie,Little,0,2019,109,"Comedy,Fantasy,Romance"
120,Isn't It Romantic,Rebel Wilson,10.1,Liam Hemsworth,10.599,Adam DeVine,13.748,Priyanka Chopra Jonas,22.394,Betty Gilpin,16.992,120,48791187,48791187,100,-,-,70.0,47.0,PG-13,ToddStrauss-Schulson,"GinaMatthews,GrantScharbo,ToddGarner",2-13-2019,48800000.0,5.9,68406,movie,Isn't It Romantic,0,2019,89,"Comedy,Fantasy,Musical"
121,The Legend of Hei,Shan Xin,3.564,Zhen Wang,1.4,Hao Xianghai,2.359,Kana Hanazawa,16.36,Mamoru Miyano,9.0,121,48507082,-,-,48507082,100,,91.0,,MTJJMutou,"FangbingCong,WenzhuoMa",,,7.2,1391,movie,Luo Xiao Hei zhan ji,0,2019,101,"Action,Adventure,Animation"
122,Countdown,Elizabeth Lail,26.454,Jordan Calloway,10.221,Talitha Bateman,12.235,Peter Facinelli,17.93,Dillon Lane,1.876,122,48021766,25621766,53.4,22400000,46.6,26.0,72.0,PG-13,JustinDec,"JohnRickard,ZackSchiller,JohnMorris,SeanAnders",10-25-2019,25600000.0,5.4,35628,movie,Countdown,0,2019,90,"Horror,Thriller"
123,Midsommar,Florence Pugh,21.962,Jack Reynor,11.957,William Jackson Harper,4.341,Will Poulter,28.358,Vilhelm Blomgren,3.703,123,47863365,27426361,57.3,20437004,42.7,83.0,63.0,R,AriAster,"PatrikAndersson,LarsKnudsen",8-30-2019,27400000.0,7.1,281605,movie,Midsommar,0,2019,148,"Drama,Horror,Mystery"
124,Queen & Slim,Daniel Kaluuya,9.859,Jodie Turner-Smith,10.266,Bokeem Woodbine,36.536,Chloë Sevigny,11.316,Flea,6.263,124,47860909,43808310,91.5,4052599,8.5,83.0,92.0,R,MelinaMatsoukas,"JamesFrey,LenaWaithe,MelinaMatsoukas,MichelleKnudsen,AndrewColes,BradWeston,PamelaAbdy",11-27-2019,43800000.0,7.1,30411,movie,Queen & Slim,0,2019,132,"Crime,Drama,Romance"
125,47 Meters Down: Uncaged,Sophie Nélisse,9.772,Corinne Foxx,3.324,Brianne Tju,7.75,Sistine Rose Stallone,1.116,Brec Bassinger,13.835,125,47582563,22260900,46.8,25321663,53.2,45.0,68.0,PG-13,JohannesRoberts,"JamesHarris,MarkLane,RobertJones",8-16-2019,22300000.0,5.0,25134,movie,47 Meters Down: Uncaged,0,2019,90,"Adventure,Drama,Horror"
126,Chasing the Dragon II: Wild Wild Bunch,Tony Leung Ka-fai,11.318,Louis Koo,16.886,Gordon Lam,8.718,Sabrina Qiu,18.769,Ye Xiangming,2.084,126,45733356,196634,0.4,45536722,99.6,78.0,58.0,,"JingWong,JasonKwanChi-Yiu",JingWong,6-7-2019,194.6K,5.8,622,movie,Chui lung II,0,2019,101,"Action,Biography,Crime"
127,Judy,Renée Zellweger,11.271,Rufus Sewell,27.956,Finn Wittrock,9.753,Michael Gambon,26.603,Richard Cordery,2.902,127,45701880,24313888,53.2,21387992,46.8,82.0,85.0,PG-13,RupertGoold,DavidLivingstone,9-27-2019,24300000.0,6.8,49181,movie,Judy,0,2019,118,"Biography,Drama,Romance"
128,Child's Play,Catherine Hicks,10.955,Chris Sarandon,10.143,Alex Vincent,6.528,Brad Dourif,16.845,Dinah Manoff,2.575,128,44907074,29208403,65,15698671,35,64.0,57.0,R,LarsKlevberg,"DavidKatzenberg,SethGrahame-Smith",6-21-2019,29200000.0,5.7,50473,movie,Child's Play,0,2019,90,"Drama,Horror,Sci-Fi"
129,Richard Jewell,Paul Walter Hauser,17.355,Jon Hamm,16.214,Kathy Bates,18.832,Sam Rockwell,13.281,Olivia Wilde,19.984,129,43745542,22345542,51.1,21400000,48.9,77.0,96.0,R,ClintEastwood,"ClintEastwood,TimMoore,JessicaMeier,KevinMisher,LeonardoDiCaprio,JenniferDavissonKilloran,JonahHill",12-13-2019,22300000.0,7.5,82649,movie,Richard Jewell,0,2019,131,"Biography,Crime,Drama"
130,Harriet,Cynthia Erivo,5.589,Leslie Odom Jr.,6.866,Joe Alwyn,8.095,Janelle Monáe,8.504,Omar J. Dorsey,3.382,130,43347017,43082155,99.4,264862,0.6,73.0,97.0,PG-13,KasiLemmons,"GregoryAllenHoward,DanielaTaplinLundberg,DebraMartinChase",11-1-2019,43000000.0,6.6,25649,movie,Harriet,0,2019,125,"Action,Biography,Drama"
131,A Shaun the Sheep Movie: Farmageddon,Justin Fletcher,2.938,John Sparkes,1.583,Amalia Vitale,1.025,Kate Harbour,2.363,David Holt,1.852,131,43100248,-,-,43100248,100,96.0,80.0,G,"RichardPhelan,WillBecher",PaulKewley,,,6.8,13318,movie,A Shaun the Sheep Movie: Farmageddon,0,2019,86,"Adventure,Animation,Comedy"
132,Fighting with My Family,Florence Pugh,21.962,Lena Headey,28.319,Vince Vaughn,17.127,Nick Frost,11.519,Jack Lowden,11.098,132,40812363,22958886,56.3,17853477,43.7,93.0,86.0,PG-13,StephenMerchant,"KevinMisher,DwayneJohnson,DanyGarcia,StephenMerchant,MichaelJ.Luisi",2-22-2019,23000000.0,7.1,78846,movie,Fighting with My Family,0,2019,108,"Biography,Comedy,Drama"
133,Masquerade Hotel,Takuya Kimura,10.54,Masami Nagasawa,13.437,Fumiyo Kohinata,2.967,Zen Kajihara,1.686,Yūki Izumisawa,2.311,133,40396244,-,-,40396244,100,,,,,,,,6.3,1749,movie,Masukarêdo hoteru,0,2019,133,"Crime,Drama,Mystery"
134,The Last Wish,Antonio Banderas,18.301,Florence Pugh,21.962,Salma Hayek,22.609,Olivia Colman,12.297,Wagner Moura,16.715,134,39756292,-,-,39756292,100,,,,Yu-shengTian,,9-20-2019,,5.2,131,movie,Xiao xiao de yuan wang,0,2019,107,Drama
135,Uri: The Surgical Strike,Vicky Kaushal,2.727,Paresh Rawal,2.142,Yami Gautam,1.996,Kirti Kulhari,2.93,Mohit Raina,6.853,135,39346577,4186168,10.6,35160409,89.4,,,,,,,,8.4,57870,movie,Uri: The Surgical Strike,0,2019,138,"Action,Drama,History"
136,Overcomer,Alex Kendrick,3.71,Priscilla C. Shirer,1.844,Cameron Arnett,1.049,Shari Rigby,1.4,Aryn Wright-Thompson,1.353,136,38026103,34746945,91.4,3279158,8.6,56.0,98.0,PG,AlexKendrick,"AaronBurns,StephenKendrick,JustinTolley",8-23-2019,34700000.0,6.6,4756,movie,Overcomer,0,2019,119,"Drama,Family,Sport"
137,Pain and Glory,,,,,,,,,,,137,37359689,4567338,12.2,32792351,87.8,96.0,91.0,R,PedroAlmodóvar,"AgustínAlmodóvar,EstherGarcía",10-4-2019,4600000.0,7.5,56399,movie,Dolor y gloria,0,2019,113,Drama
138,A Witness Out of the Blue,Louis Koo,16.886,Louis Cheung,6.889,Philip Keung,6.731,Jessica Hsuan,6.402,Cherry Ngan,2.425,138,37092694,-,-,37092694,100,,,,,,,,6.1,609,movie,Fan zui xian chang,0,2019,104,"Crime,Mystery,Thriller"
139,The Intruder,Dennis Quaid,13.1,Meagan Good,14.106,Michael Ealy,11.7,Joseph Sikora,11.648,Alvina August,6.275,139,36599361,35419122,96.8,1180239,3.2,33.0,68.0,PG-13,DeonTaylor,"RoxanneAvent,DeonTaylor,MarkBurg,JonathanSchwartz,BradKaplan",5-3-2019,35400000.0,5.6,16987,movie,The Intruder,0,2019,102,Thriller
140,The Queen's Corgi,Rusty Shackleford,1.404,Jo Wyatt,2.246,Mari Devon,0.828,Dino Andrade,1.502,Joey Camen,1.4,140,35515687,-,-,35515687,100,0.0,34.0,PG,"VincentKesteloot,BenStassen",,,,4.8,6633,movie,The Queen's Corgi,0,2019,85,"Animation,Comedy,Family"
141,The Battle: Roar to Victory,Yoo Hae-jin,18.669,Ryu Jun-yeol,9.188,Jo Woo-jin,11.404,Kazuki Kitamura,9.654,Hiroyuki Ikeuchi,14.892,141,34148707,-,-,34148707,100,,100.0,,WonSinyeon,KimTae-won,8-16-2019,,6.3,684,movie,The Battle: Roar to Victory,0,2019,135,"Action,Drama,History"
142,The Bad Guys: The Movie,,,,,,,,,,,142,34024386,166972,0.5,33857414,99.5,,,,,,,,6.1,1469,movie,Nappeun nyeoseogdeul: Deo mubi,0,2019,114,"Action,Crime,Thriller"
143,The Good Liar,Helen Mirren,17.793,Ian McKellen,15.137,Russell Tovey,9.586,Jim Carter,5.582,Mark Lewis Jones,4.933,143,33856058,17156058,50.7,16700000,49.3,63.0,85.0,R,BillCondon,"GregYolen,BillCondon",11-15-2019,17100000.0,6.7,39396,movie,The Good Liar,0,2019,109,"Crime,Drama,Mystery"
144,The Art of Racing in the Rain,Milo Ventimiglia,14.286,Kevin Costner,23.921,Amanda Seyfried,37.184,Martin Donovan,6.904,Ian Lake,4.676,144,33766787,26395642,78.2,7371145,21.8,44.0,96.0,PG,SimonCurtis,"NealH.Moritz,PatrickDempsey,TaniaLandau",8-9-2019,26400000.0,7.6,29865,movie,The Art of Racing in the Rain,0,2019,109,"Comedy,Drama,Romance"
145,Bharat,Durga Khote,1.566,Ratnamala,0.984,,,,,,,145,33185983,2971549,9,30214434,91,32.0,51.0,,AliAbbasZafar,"AtulAgnihotri,AlviraKhan,KrishanKumar",6-5-2019,2900000.0,4.9,30525,movie,Bharat,0,2019,150,"Action,Comedy,Drama"
146,Brightburn,Elizabeth Banks,14.855,David Denman,8.695,Jackson A. Dunn,10.298,Matt Jones,4.295,Meredith Hagner,8.372,146,32893421,17300439,52.6,15592982,47.4,57.0,67.0,R,DavidYarovesky,"JamesGunn,KennethHuang",5-24-2019,17300000.0,6.1,93649,movie,Brightburn,0,2019,90,"Drama,Horror,Mystery"
147,Fly Me to the Saitama,Fumi Nikaido,6.321,Gackt Camui,4.642,Yusuke Iseya,5.757,Brother Tom,1.4,Kumiko Aso,11.778,147,32802347,-,-,32802347,100,,,,HidekiTakeuchi,,,,6.3,725,movie,Tonde Saitama,0,2019,106,"Comedy,Drama,Fantasy"
148,UglyDolls,Kelly Brianne,5.066,Nick Jonas,9.775,Janelle Monáe,8.504,Blake Shelton,1.96,Leehom Wang,3.352,148,32450241,20150241,62.1,12300000,37.9,28.0,54.0,PG,KellyAsbury,"JaneHartwell,RobertRodriguez",5-3-2019,20100000.0,5.0,6752,movie,UglyDolls,0,2019,87,"Adventure,Animation,Comedy"
149,Stuber,Dave Bautista,21.582,Kumail Nanjiani,12.183,Mira Sorvino,12.306,Natalie Morales,8.885,Iko Uwais,17.386,149,32390945,22370452,69.1,10020493,30.9,42.0,79.0,R,MichaelDowse,"JonathanM.Goldstein,JohnFrancisDaley",7-12-2019,22400000.0,6.2,46214,movie,Stuber,0,2019,93,"Action,Comedy,Crime"
150,Hit Me Anyone One More Time!,Kiichi Nakai,4.328,Dean Fujioka,5.865,Yuriko Ishida,5.286,Masao Kusakari,5.642,Koichi Sato,5.573,150,32333512,-,-,32333512,100,,,,KokiMitani,,,,6.1,536,movie,Kioku ni gozaimasen!,0,2019,127,"Comedy,Drama"
151,Somewhere Winter,Ma Sichun,9.16,Wallace Huo,4.216,Wei Daxun,5.271,Zhang Yao,1.264,Chyi Chin,4.32,151,32218990,-,-,32218990,100,,,,Wei-MingWang,,,,6.0,103,movie,Da yue zai dong ji,0,2019,125,Drama
152,The Kid Who Would Be King,Louis Ashbourne Serkis,1.975,Dean Chaumoo,2.401,Tom Taylor,2.934,Rhianna Dorris,2.932,Denise Gough,9.117,152,32140970,16790790,52.2,15350180,47.8,90.0,55.0,PG,JoeCornish,"NiraPark,TimBevan,EricFellner",1-25-2019,16800000.0,6.1,16484,movie,The Kid Who Would Be King,0,2019,120,"Action,Adventure,Family"
153,Two Tigers,Selena Khoo,0.6,Jay Natelle,1.024,Andrea Osvárt,8.413,Olivier Pagès,0.616,Matt Patresi,2.001,153,32001580,-,-,32001580,100,,,,FeiLi,,,,5.8,228,movie,Liang zhi lao hu,0,2019,93,Comedy
154,Anna,Sasha Luss,8.763,Helen Mirren,17.793,Luke Evans,23.783,Cillian Murphy,59.74,Lera Abova,5.617,154,31626978,7743794,24.5,23883184,75.5,10.0,60.0,PG-13,JustinLin,"DamienSaccani,MarkVahradian",1-27-2006,17100000.0,5.4,15,movie,Anna,0,2019,106,Drama
155,Anna,Sasha Luss,8.763,Helen Mirren,17.793,Luke Evans,23.783,Cillian Murphy,59.74,Lera Abova,5.617,155,31626978,7743794,24.5,23883184,75.5,10.0,60.0,PG-13,JustinLin,"DamienSaccani,MarkVahradian",1-27-2006,17100000.0,6.6,77920,movie,Anna,0,2019,118,"Action,Thriller"
156,My Dear Liar,Dong Chengpeng,8.089,Liu Yan,10.959,Zhang Zixian,4.516,Peng Bo,0.983,Liu Gang,0.84,156,31177968,90545,0.3,31087423,99.7,,,,AoShen,,11-8-2019,90.5K,6.4,291,movie,Shou yi ren,0,2019,116,Drama
157,The Wild Goose Lake,Hu Ge,1.988,Gwei Lun-mei,8.897,Liao Fan,5.562,Wan Qian,6.548,Qi Dao,0.6,157,31064835,12573,<0.1,31052262,100,,,,,,,,6.8,6524,movie,Nan fang che zhan de ju hui,0,2019,113,"Crime,Drama"
158,My Hero Academia: Heroes Rising,Daiki Yamashita,18.14,Nobuhiko Okamoto,11.632,Yoshio Inoue,1.308,Mio Imada,15.456,Yuka Terasaki,2.486,158,29971229,13304000,44.4,16667229,55.6,90.0,98.0,PG-13,KenjiNagasaki,,2-26-2020,13300000.0,7.9,7413,movie,My Hero Academia - Boku no hîrô akademia THE MOVIE - Heroes: Rising - Hîrôzu: Raijingu,0,2019,104,"Action,Adventure,Animation"
159,Fall In Love At First Kiss,Darren Wang,15.861,Lin Yun,5.535,Kenji Chen,2.64,Cecilia Choi,3.287,Christopher Lee Ming-Shun,6.158,159,29206238,-,-,29206238,100,,,,FrankieChen,,,,6.0,685,movie,Yi wen ding qing,0,2019,122,"Comedy,Romance"
160,Gully Boy,Ranveer Singh,8.548,Alia Bhatt,9.472,Kalki Koechlin,3.044,Siddhant Chaturvedi,2.39,Divine,0.6,160,28299498,5566534,19.7,22732964,80.3,96.0,81.0,,ZoyaAkhtar,"FarhanAkhtar,ZoyaAkhtar,RiteshSidhwani",,5300000.0,7.9,37889,movie,Gully Boy,0,2019,154,"Drama,Music,Romance"
161,Kim Ji-young: Born 1982,Jung Yu-mi,4.441,Gong Yoo,12.282,Kim Mi-kyeong,5.488,Gong Min-jeung,8.354,Park Sung-yeon,3.416,161,27696393,-,-,27696393,100,,,,,,,,7.3,3331,movie,82 nyeonsaeng Kim Ji-yeong,0,2019,118,Drama
162,Pokémon: Mewtwo Strikes Back - Evolution,Rica Matsumoto,2.68,Ikue Otani,12.457,Mayumi Iizuka,6.077,Satomi Korogi,7.228,Yuji Ueda,6.328,162,27347118,-,-,27347118,100,44.0,44.0,,KunihikoYuyama,,,,5.7,5335,movie,Pokémon: Mewtwo Strikes Back - Evolution,0,2019,98,"Action,Animation,Family"
163,Almost a Comedy,Ren Suxi,4.32,Wu Yuhan,1.4,Liu Xun,0.6,Tang Min,1.534,Zhao Haiyan,0.6,163,26990962,-,-,26990962,100,,,,,,,,6.7,553,movie,Ban ge xi ju,0,2019,111,Drama
164,Total Dhamaal,Ajay Devgn,4.467,Anil Kapoor,4.738,Madhuri Dixit,2.708,Arshad Warsi,4.029,Boman Irani,3.056,164,26911995,2167632,8.1,24744363,91.9,30.0,40.0,,IndraKumar,"AshokThakeria,IndraKumar,AnandPandit",2-22-2019,2200000.0,4.2,6857,movie,Total Dhamaal,0,2019,130,"Action,Adventure,Comedy"
165,Missing Link,Hugh Jackman,23.509,Zoe Saldana,23.895,Zach Galifianakis,18.372,Stephen Fry,8.365,Timothy Olyphant,41.256,165,26565710,16649539,62.7,9916171,37.3,88.0,67.0,PG,ChrisButler,"ArianneSutner,TravisKnight",4-12-2019,16600000.000000002,6.7,25274,movie,Missing Link,0,2019,93,"Adventure,Animation,Comedy"
166,No Manches Frida 2,Omar Chaparro,3.713,Martha Higareda,11.295,Carla Adell,7.998,Fernanda Castillo,9.604,Regina Pavón,19.25,166,26493648,9270920,35,17222728,65,13.0,27.0,R,NachoG.Velilla,"EdwardAllen,MarthaHigareda,MauricioArgüelles,NachoG.Velilla",3-15-2019,9300000.0,4.2,1003,movie,No manches Frida 2,0,2019,102,Comedy
167,The Confidence Man JP: The Movie,Masami Nagasawa,13.437,Masahiro Higashide,7.689,Fumiyo Kohinata,2.967,Shinya Kote,2.394,Yuko Takeuchi,8.396,167,25958189,-,-,25958189,100,,,,,,,,6.7,1119,movie,The Confidence Man JP: The Movie,0,2019,116,"Comedy,Crime"
168,"The Gangster, the Cop, the Devil",Sylvester Stallone,32.593,,,,,,,,,168,25775371,216494,0.8,25558877,99.2,97.0,94.0,,Won-TaeLee,"JangWon-seok,BradenAftergood,MaDong-seok",6-7-2019,216.5K,6.9,12295,movie,Akinjeon,0,2019,109,"Action,Crime,Thriller"
169,Bodies at Rest,Nick Cheung,8.346,Richie Jen,8.18,Yang Zi,22.109,Feng Jia-Yi,4.364,Carlos Chan,5.002,169,25293853,-,-,25293853,100,83.0,,,RennyHarlin,KimFungCheng,,,5.6,766,movie,Chen mo de zheng ren,0,2019,94,"Action,Crime,Mystery"
170,Booksmart,Beanie Feldstein,6.511,Kaitlyn Dever,14.728,Jessica Williams,9.378,Billie Lourd,7.351,Diana Silvers,24.709,170,24959607,22680962,90.9,2278645,9.1,96.0,77.0,R,OliviaWilde,"MeganEllison,JessicaElbaum,KatieSilberman,ChelseaBarnard,DavidDistenfeld",5-24-2019,22700000.0,7.1,112707,movie,Booksmart,0,2019,102,Comedy
171,Super 30,Hrithik Roshan,10.031,Mrunal Thakur,4.728,Veerendra Saxena,1.4,Nandish Singh,0.6,Pankaj Tripathi,2.092,171,24701637,2269878,9.2,22431759,90.8,31.0,92.0,,VikasBahl,SajidNadiadwala,7-12-2019,2300000.0,8.1,29549,movie,Super 30,0,2019,154,"Biography,Drama"
172,Son of a Rich,Miloš Biković,5.508,Ivan Okhlobystin,2.013,Aleksandra Bortich,12.338,Aleksandr Samoylenko,4.088,Mariya Mironova,8.782,172,24579050,-,-,24579050,100,,,,,,,,6.7,4250,movie,Kholop,0,2019,109,Comedy
173,Skyfire,Wang Xueqi,6.068,Hannah Quinlivan,2.494,Shawn Dou,6.948,Jason Isaacs,19.547,An Danwei,5.159,173,24444590,1105,<0.1,24443485,100,52.0,,,SimonWest,"ChrisBremble,JenniferDong,JibPolhemus,EmmaShanWang",2-12-2021,,5.3,2856,movie,Skyfire,0,2019,97,"Action,Adventure,Drama"
174,Start-Up,Ma Dong-seok,18.473,Park Jeong-min,5.143,Jung Hae-in,9.15,Yum Jung-ah,10.181,Choi Sung-eun,2.756,174,24106579,-,-,24106579,100,,,,,,,,6.4,797,movie,Start-Up,0,2019,102,"Action,Comedy,Drama"
175,Pinocchio,Dickie Jones,1.082,Cliff Edwards,2.268,Christian Rub,4.166,Evelyn Venable,3.165,Walter Catlett,2.297,175,23889592,1831718,7.7,22057874,92.3,,,PG-13,"GuillermodelToro,MarkGustafson","GuillermodelToro,LisaHenson,CoreyCampodonico,GaryUngar",,,6.2,12231,movie,Pinocchio,0,2019,125,"Drama,Family,Fantasy"
176,A Rainy Day in New York,Timothée Chalamet,34.52,Elle Fanning,19.65,Selena Gomez,16.258,Jude Law,21.474,Diego Luna,16.247,176,23794991,-,-,23794991,100,47.0,54.0,PG-13,WoodyAllen,"ErikaAronson,LettyAronson",10-9-2020,,6.5,41623,movie,A Rainy Day in New York,0,2019,92,"Comedy,Romance"
177,The Peanut Butter Falcon,Shia LaBeouf,15.34,Zack Gottsagen,1.897,Dakota Johnson,13.949,Thomas Haden Church,11.267,John Hawkes,4.738,177,23712090,20457151,86.3,3254939,13.7,95.0,96.0,PG-13,"TylerNilson,MichaelSchwartz","TimZajaros,ChristopherLemole,AlbertBerger,RonYerxa",8-23-2019,20500000.0,7.6,88580,movie,The Peanut Butter Falcon,0,2019,97,"Adventure,Comedy,Drama"
178,Little White Lies 2,François Cluzet,9.252,Marion Cotillard,18.028,Gilles Lellouche,5.064,Laurent Lafitte,3.904,Benoît Magimel,9.384,178,23623665,-,-,23623665,100,,,,,,,,6.4,3587,movie,Nous finirons ensemble,0,2019,134,"Comedy,Drama,Family"
179,Ossan's Love: Love or Dead,Kei Tanaka,7.43,Kotaro Yoshida,2.496,Kento Hayashi,12.334,Nene Otsuka,5.473,Jun Shison,7.552,179,23422744,-,-,23422744,100,,,,,,,,5.9,267,movie,Ossan's Love: Love or Dead,0,2019,114,"Comedy,Drama,Romance"
180,Only Cloud Knows,Huang Xuan,11.613,Yang Caiyu,6.531,Xu Fan,4.337,Lydia Peckham,4.176,Zhao Shuzhen,1.052,180,23410836,-,-,23410836,100,75.0,78.0,,FengXiao-Gang,,12-20-2019,,5.9,324,movie,Zhi you yun zhi dao,0,2019,132,"Drama,Romance"
181,Dark Waters,Mark Ruffalo,10.756,Anne Hathaway,41.479,Tim Robbins,20.687,Bill Pullman,41.094,Bill Camp,10.602,181,23108017,11136084,48.2,11971933,51.8,89.0,95.0,PG-13,ToddHaynes,"MarkRuffalo,ChristineVachon,PamelaKoffler",12-6-2019,11100000.0,7.6,82889,movie,Dark Waters,0,2019,126,"Biography,Drama,History"
182,The Farewell,Awkwafina,44.339,Tzi Ma,8.987,Diana Lin,1.96,Zhao Shuzhen,1.052,Jiang Yongbo,0.861,182,23076657,17695781,76.7,5380876,23.3,97.0,87.0,PG,LuluWang,"ChrisWeitz,AndrewMiano,PeterSaraf,MarcTurtletaub,AnitaGou,DanieleTateMelia,JaneZheng,DaniMelia",8-2-2019,17700000.0,7.5,61679,movie,The Farewell,0,2019,100,"Comedy,Drama"
183,The Knight of Shadows: Between Yin and Yang,Jackie Chan,33.882,Elaine Zhong,9.103,Ethan Juan,11.183,Austin Lin,8.731,Qiao Shan,5.399,183,22774256,-,-,22774256,100,,,,VashYanJia,,,,4.9,1550,movie,Shen tan Pu Song Ling,0,2019,109,"Action,Adventure,Family"
184,Black and Blue,Naomie Harris,19.818,Tyrese Gibson,11.505,Frank Grillo,28.73,Mike Colter,12.348,Reid Scott,8.824,184,22741061,22055313,97,685748,3,52.0,93.0,R,DeonTaylor,SeanSorensen,10-25-2019,22000000.0,6.4,22190,movie,Black and Blue,0,2019,108,"Action,Thriller"
185,Late Night,Emma Thompson,24.804,Mindy Kaling,12.015,Max Casella,15.542,Hugh Dancy,14.952,John Lithgow,17.218,185,22386555,15499454,69.2,6887101,30.8,80.0,77.0,R,NishaGanatra,"MindyKaling,HowardKlein,BenBrowning,JillianApfelbaum",6-14-2019,15500000.0,6.5,36284,movie,Late Night,0,2019,102,"Comedy,Drama"
186,Les Misérables,Hugh Jackman,23.696,Russell Crowe,20.111,Anne Hathaway,36.931,Amanda Seyfried,37.184,Sacha Baron Cohen,12.13,186,22342519,330181,1.5,22012338,98.5,70.0,79.0,PG-13,TomHooper,"TimBevan,EricFellner,DebraHayward,CameronMackintosh",12-25-2012,148800000.0,7.6,23998,movie,Les misérables,0,2019,104,"Crime,Drama,Thriller"
187,Crazy Romance,Kim Rae-won,6.655,Gong Hyo-jin,4.63,Kang Ki-young,7.603,Jung Woong-in,6.75,Jang So-yeon,7.951,187,21386368,-,-,21386368,100,,,,,,,,6.2,567,movie,Gajang Botongui Yeonae,0,2019,115,"Comedy,Drama,Romance"
188,Shaft,Samuel L. Jackson,56.705,Jessie T. Usher,7.269,Regina Hall,12.088,Alexandra Shipp,24.492,Richard Roundtree,8.432,188,21360215,21360215,100,-,-,34.0,94.0,R,TimStory,JohnDavis,6-14-2019,21400000.0,6.4,51787,movie,Shaft,0,2019,111,"Action,Comedy,Crime"
189,Unplanned,Ashley Bratcher,2.744,Brooks Ryan,1.653,Robia LaMorte,0.84,Emma Elle Roberts,2.26,Robin DeMarco,1.96,189,21354152,19005109,89,2349043,11,42.0,94.0,R,"CarySolomon,ChuckKonzelman","ChrisJones,JoeKnopp,DarylC.Lefever,DarylLefever,CarySolomon,ChuckKonzelman",3-29-2019,19000000.0,5.9,13721,movie,Unplanned,0,2019,109,"Biography,Drama"
190,Integrity,John Hastings,0.6,,,,,,,,,190,21290004,-,-,21290004,100,,,,,,,,5.6,529,movie,Lian zheng feng yun,0,2019,114,"Crime,Drama,Mystery"
191,The Secret Mission,Roy Marten,2.495,Gibran Marten,1.4,Karenina Maria,0.6,Svitlana Zavialova,0.694,Hans de Kraker,0.995,191,21083522,-,-,21083522,100,,0.0,,HaroldFrench,,,,6.8,441,movie,Malmoi,0,2019,135,"Comedy,Drama,History"
192,This Is Tomas,,,,,,,,,,,192,20084169,-,-,20084169,100,,,,,,,,5.7,227,movie,¿Conoces a Tomás?,0,2019,87,"Comedy,Drama"
193,The Specials,Rob Lowe,12.843,Jamie Kennedy,21.648,Thomas Haden Church,11.267,Jordan Ladd,9.86,Mike Schwartz,1.116,193,19363826,-,-,19363826,100,47.0,55.0,R,CraigMazin,"MarkA.Altman,DanBates,RickMischel",9-18-2000,13.0K,7.4,8701,movie,Hors normes,0,2019,114,"Comedy,Drama"
194,Always Miss You,Amber Kuo,6.146,Ryan Zheng Kai,9.633,Li Dongxue,6.688,Xie Yi-lin,3.5,Annie Liu,4.311,194,19015465,91884,0.5,18923581,99.5,,,,Hung-iChen,,5-3-2019,87.1K,3.9,51,movie,Xia yi ren: Qian ren,0,2019,98,Romance
195,An Officer and a Spy,Louis Garrel,12.344,Jean Dujardin,18.264,Emmanuelle Seigner,18.228,Grégory Gadebois,4.419,Vincent Perez,1.854,195,18878658,-,-,18878658,100,76.0,83.0,,RomanPolanski,AlainGoldman,,,7.2,17500,movie,J'accuse,0,2019,132,"Drama,History,Thriller"
196,Crayon Shin-chan: Honeymoon Hurricane - The Lost Hiroshi,Yumiko Kobayashi,7.283,Miki Narahashi,5.638,Toshiyuki Morikawa,8.331,Mari Mashiba,2.25,Tamao Hayashi,1.952,196,18738951,-,-,18738951,100,,,,MasakazuHashimoto,,,,6.1,211,movie,Crayon Shin-chan: Honeymoon Hurricane - The Lost Hiroshi,0,2019,100,"Action,Adventure,Animation"
197,Greta,Chloë Grace Moretz,56.69,Isabelle Huppert,9.466,Maika Monroe,17.674,Colm Feore,6.38,Stephen Rea,7.615,197,18653107,10532219,56.5,8120888,43.5,100.0,,,ArmandoPraça,"NaraAragao,MaurícioMacêdo,ArmandoPraça",,,6.2,349,movie,Greta,0,2019,97,Drama
198,Peppa Celebrates Chinese New Year,Harley Bird,2.974,Oliver May,1.897,Alice May,0.6,Morwenna Banks,2.566,Richard Ridings,2.682,198,18653040,131225,0.7,18521815,99.3,,,G,"DapengZhang,MarkBaker,NevilleAstley,JorisvanHulzen,SarahRoper",,2-5-2019,114.1K,3.5,78,movie,Xiao zhu pei qi guo da nian,0,2019,81,"Animation,Family"
