,Movie,Unnamed: 0,actor1,actor1_popularity,actor2,actor2_popularity,actor3,actor3_popularity,actor4,actor4_popularity,actor5,actor5_popularity,Worldwide,Domestic,%,Foreign,%.1,Score_Rotten,Score_Audience,Rating,Director,Producer,Release Date (Theaters),Box Office (Gross USA),averageRating,numVotes,titleType,originalTitle,isAdult,startYear,runtimeMinutes,genres
0,Spider-Man: No Way Home,0,Tom Holland,128.32,Zendaya,47.236,Benedict Cumberbatch,39.658,Jacob Batalon,23.293,Jon Favreau,13.562,1884731501,797731501,42.3,1087000000,57.7,93.0,98.0,PG-13,JonWatts,"KevinFeige,AmyPascal",12-17-2021,804200000.0,8.5,571177,movie,Spider-Man: No Way Home,0,2021,148,"Action,Adventure,Fantasy"
1,The Battle at Lake Changjin,1,Wu Jing,19.876,Jackson Yee,10.104,Duan Yihong,3.692,Yawen Zhu,4.605,Jerry Lee,1.725,902540935,342411,<0.1,902198524,100,25.0,100.0,,"ChenKaige,DanteLam,HarkTsui","ChenHong,DefuJiang,CandyLeung,NansunShi,DongYu",11-19-2021,,5.3,2448,movie,Chang jin hu,0,2021,176,"Action,Drama,History"
2,"Hi, Mom",2,Robert De Niro,28.296,Jennifer Salt,6.741,Allen Garfield,6.661,Charles Durning,8.936,Lara Parker,4.403,822009764,-,-,822009764,100,,,,LingJia,,,,7.0,1862,movie,"Ni hao, Li Huanying",0,2021,128,"Comedy,Romance"
3,No Time to Die,3,Daniel Craig,18.56,Léa Seydoux,24.524,Rami Malek,20.994,Lashana Lynch,9.276,Ralph Fiennes,32.618,774153007,160891007,20.8,613262000,79.2,83.0,88.0,PG-13,CaryJojiFukunaga,"MichaelG.Wilson,BarbaraBroccoli",10-8-2021,160800000.0,7.3,334772,movie,No Time to Die,0,2021,163,"Action,Adventure,Thriller"
4,F9: The Fast Saga,4,Vin Diesel,29.696,Michelle Rodriguez,23.481,Tyrese Gibson,8.218,Ludacris,17.428,John Cena,15.948,726229501,173005945,23.8,553223556,76.2,,,,,,,,5.2,119893,movie,F9,0,2021,143,"Action,Crime,Thriller"
5,Detective Chinatown 3,5,Baoqiang Wang,6.389,Liu Haoran,8.529,Satoshi Tsumabuki,9.482,Tony Jaa,13.728,Masami Nagasawa,13.437,686257563,-,-,686257563,100,,,,,,,,5.6,1762,movie,Detective Chinatown 3,0,2021,136,"Action,Adventure,Comedy"
6,Venom: Let There Be Carnage,6,Tom Hardy,59.898,Woody Harrelson,19.341,Michelle Williams,20.576,Naomie Harris,15.392,Reid Scott,6.303,502050366,213550366,42.5,288500000,57.5,59.0,84.0,PG-13,AndySerkis,"AviArad,MatthewTolmach,AmyPascal,KellyMarcel,TomHardy,HutchParker",10-1-2021,213500000.0,6.0,187508,movie,Venom: Let There Be Carnage,0,2021,97,"Action,Adventure,Sci-Fi"
7,Godzilla vs. Kong,7,Alexander Skarsgård,19.231,Millie Bobby Brown,16.633,Rebecca Hall,27.441,Brian Tyree Henry,9.253,Shun Oguri,11.892,468216094,100916094,21.6,367300000,78.4,75.0,91.0,PG-13,AdamWingard,"MaryParent,AlexGarcia,EricMcLeod,JonJashni,ThomasTull,BrianRogers",3-31-2021,100400000.0,6.3,195188,movie,Godzilla vs. Kong,0,2021,113,"Action,Sci-Fi,Thriller"
8,Shang-Chi and the Legend of the Ten Rings,8,Simu Liu,10.829,Tony Leung Chiu-wai,21.703,Awkwafina,44.339,Meng'er Zhang,12.261,Fala Chen,11.257,432243292,224543292,51.9,207700000,48.1,91.0,98.0,PG-13,DestinDanielCretton,"KevinFeige,JonathanSchwartz",9-3-2021,224500000.0,7.5,340771,movie,Shang-Chi and the Legend of the Ten Rings,0,2021,132,"Action,Adventure,Fantasy"
9,Eternals,9,Gemma Chan,24.587,Richard Madden,25.349,Angelina Jolie,13.484,Kumail Nanjiani,12.183,Barry Keoghan,35.54,402064899,164870234,41,237194665,59,47.0,78.0,PG-13,ChloéZhao,"KevinFeige,NateMoore",11-5-2021,164900000.0,6.4,284407,movie,Eternals,0,2021,156,"Action,Adventure,Fantasy"
10,Dune,10,Timothée Chalamet,34.52,Rebecca Ferguson,48.521,Oscar Isaac,60.716,Josh Brolin,39.186,Stellan Skarsgård,20.205,400576297,108232338,27,292343959,73,83.0,90.0,PG-13,DenisVilleneuve,"DenisVilleneuve,MaryParent,CaleBoyter,JosephCaraccioloJr.",10-22-2021,108300000.0,8.1,534282,movie,Dune: Part One,0,2021,155,"Action,Adventure,Drama"
11,Black Widow,11,Scarlett Johansson,38.188,Florence Pugh,21.962,Rachel Weisz,14.704,David Harbour,14.309,Ray Winstone,9.559,379751655,183651655,48.4,196100000,51.6,79.0,91.0,PG-13,CateShortland,KevinFeige,7-9-2021,183600000.0,6.7,345137,movie,Black Widow,0,2021,134,"Action,Adventure,Sci-Fi"
12,Sing 2,12,Matthew McConaughey,20.491,Reese Witherspoon,14.224,Scarlett Johansson,38.188,Taron Egerton,16.392,Bobby Cannavale,12.744,377219695,158549695,42,218670000,58,71.0,98.0,PG,GarthJennings,"ChristopherMeledandri,JanetHealy",12-22-2021,162500000.0,7.5,42175,movie,Sing 2,0,2021,110,"Adventure,Animation,Comedy"
13,Free Guy,13,Ryan Reynolds,40.796,Jodie Comer,29.463,Joe Keery,10.688,Lil Rel Howery,8.914,Utkarsh Ambudkar,25.799,331526598,121626598,36.7,209900000,63.3,80.0,94.0,PG-13,ShawnLevy,"RyanReynolds,ShawnLevy,SarahSchechter,GregBerlanti,AdamKolbrenner",8-13-2021,121600000.0,7.2,321996,movie,Free Guy,0,2021,115,"Action,Adventure,Comedy"
14,Encanto,14,Stephanie Beatriz,24.028,María Cecilia Botero,8.068,John Leguizamo,11.213,Mauro Castillo,2.457,Jessica Darrow,8.827,251654619,95924633,38.1,155729986,61.9,91.0,93.0,PG,"JaredBush,ByronHoward","YvettMerinoFlores,ClarkSpencer",11-24-2021,96100000.0,7.3,178966,movie,Encanto,0,2021,102,"Animation,Comedy,Family"
15,Cruella,15,Emma Stone,40.711,Emma Thompson,24.804,Joel Fry,28.613,Paul Walter Hauser,17.355,Mark Strong,25.911,233503234,86103234,36.9,147400000,63.1,74.0,97.0,PG-13,CraigGillespie,"AndrewGunn,MarcPlatt,KristinBurr",5-28-2021,86100000.0,7.4,216592,movie,Cruella,0,2021,134,"Adventure,Comedy,Crime"
16,"My Country, My Parents",16,Wu Jing,19.876,Zhang Ziyi,14.867,Xu Zheng,4.063,Shen Teng,10.846,Huang Xuan,11.613,221701823,166807,<0.1,221535016,99.9,,,,"TengShen,JingWu,ZhengXu,ZhangZiyi",,10-8-2021,,6.0,308,movie,Wo he wo de fu bei,0,2021,157,Drama
17,Jungle Cruise,17,Dwayne Johnson,29.99,Emily Blunt,22.529,Edgar Ramírez,6.615,Jack Whitehall,14.041,Jesse Plemons,32.283,220889446,116987516,53,103901930,47,62.0,92.0,PG-13,JaumeCollet-Serra,"JohnDavis,JohnFox,BeauFlynn,DwayneJohnson,DanyGarcia,HiramGarcia",7-30-2021,117000000.0,6.6,173683,movie,Jungle Cruise,0,2021,127,"Action,Adventure,Comedy"
18,Raging Fire,18,Donnie Yen,16.207,Nicholas Tse,12.697,Qin Lan,17.462,Ray Lui,6.423,Patrick Tam,2.793,205846481,385305,0.2,205461176,99.8,91.0,100.0,,BennyChanChi-Shun,"BennyChanChi-Shun,DonnieYen",8-13-2021,368.3K,6.6,3610,movie,Nou fo,0,2021,126,"Action,Adventure,Crime"
19,The Conjuring: The Devil Made Me Do It,19,Patrick Wilson,31.977,Vera Farmiga,28.396,Ruairi O'Connor,13.124,Sarah Catherine Hook,2.759,Julian Hilliard,7.33,202031050,65631050,32.5,136400000,67.5,56.0,83.0,R,MichaelChaves,"JamesWan,PeterSafran",6-4-2021,65599999.99999999,6.3,104830,movie,The Conjuring: The Devil Made Me Do It,0,2021,112,"Horror,Mystery,Thriller"
20,Ghostbusters: Afterlife,20,Carrie Coon,22.733,Finn Wolfhard,23.885,Mckenna Grace,62.368,Paul Rudd,34.254,Logan Kim,7.965,197360575,129360575,65.5,68000000,34.5,63.0,94.0,PG-13,JasonReitman,IvanReitman,11-19-2021,128800000.00000001,7.2,136098,movie,Ghostbusters: Afterlife,0,2021,124,"Adventure,Comedy,Fantasy"
21,Chinese Doctors,21,Zhang Hanyu,8.378,Oho Ou,10.438,Quan Yuan,2.816,Yawen Zhu,4.605,Jackson Yee,10.104,197143218,-,-,197143218,100,,,,AndrewLauWai-Keung,DongYu,7-30-2021,,4.6,423,movie,Zhong guo yi sheng,0,2021,129,Drama
22,Cliff Walkers,22,Zhang Yi,14.343,Yu Hewei,4.525,Liu Haocun,4.784,Qin Hailu,6.719,Ni Dahong,5.372,181325565,152972,<0.1,181172593,99.9,79.0,77.0,,YimouZhang,,4-30-2021,,6.6,1891,movie,Xuan ya zhi shang,0,2021,120,"Crime,Drama,Thriller"
23,The Suicide Squad,23,Margot Robbie,29.861,Idris Elba,26.498,John Cena,15.948,Joel Kinnaman,24.116,Sylvester Stallone,32.593,167417425,55817425,33.3,111600000,66.7,90.0,82.0,R,JamesGunn,"PeterSafran,CharlesRoven",8-6-2021,55800000.0,7.2,319008,movie,The Suicide Squad,0,2021,132,"Action,Adventure,Comedy"
24,Space Jam: A New Legacy,24,LeBron James,6.092,Don Cheadle,12.494,Cedric Joe,9.124,Jeff Bergman,4.878,Gabriel Iglesias,12.75,162892228,70592228,43.3,92300000,56.7,26.0,79.0,PG,MalcolmD.Lee,"RyanCoogler,LeBronJames,MaverickCarter,DuncanHenderson",7-16-2021,70500000.0,4.4,66885,movie,Space Jam: A New Legacy,0,2021,115,"Adventure,Animation,Comedy"
25,House of Gucci,25,Lady Gaga,9.863,Adam Driver,18.735,Jared Leto,70.2,Jeremy Irons,13.292,Al Pacino,39.737,156987388,53809574,34.3,103177814,65.7,63.0,83.0,R,RidleyScott,"RidleyScott,GianninaFacio,KevinJ.Walsh,MarkHuffam",11-24-2021,53800000.0,6.7,95090,movie,House of Gucci,0,2021,158,"Crime,Drama"
26,The Matrix Resurrections,26,Keanu Reeves,59.33,Carrie-Anne Moss,18.242,Yahya Abdul-Mateen II,11.716,Jessica Henwick,34.038,Jonathan Groff,10.632,156575035,37686805,24.1,118888230,75.9,63.0,64.0,R,LanaWachowski,"JamesMcTeigue,LanaWachowski,GrantHill",12-22-2021,37700000.0,5.7,213658,movie,The Matrix Resurrections,0,2021,148,"Action,Sci-Fi"
27,Peter Rabbit 2: The Runaway,27,James Corden,9.839,Rose Byrne,25.865,Domhnall Gleeson,17.251,David Oyelowo,6.407,Margot Robbie,29.861,153901717,40501717,26.3,113400000,73.7,66.0,89.0,PG,WillGluck,"WillGluck,ZarehNalbandian,CatherineBishop,JodiHildebrand",6-10-2021,40400000.0,6.2,10264,movie,Peter Rabbit 2: The Runaway,0,2021,93,"Adventure,Animation,Comedy"
28,A Writer's Odyssey,28,Lei Jiayin,7.108,Yang Mi,16.341,Dong Zijian,6.783,Yu Hewei,4.525,Tong Liya,7.164,150123320,160013,0.1,149963307,99.9,93.0,77.0,,YangLu,,2-12-2021,,6.2,2427,movie,Ci sha xiao shuo jia,0,2021,130,"Action,Adventure,Fantasy"
29,The Boss Baby 2: Family Business,29,Alec Baldwin,17.182,James Marsden,19.282,Amy Sedaris,15.668,Jeff Goldblum,13.337,Eva Longoria,13.89,146745280,57300280,39,89445000,61,,,,,,,,5.9,15992,movie,The Boss Baby: Family Business,0,2021,107,"Adventure,Animation,Comedy"
30,PAW Patrol: The Movie,30,Iain Armitage,11.393,Lilly Bartlam,3.958,Will Brisbin,0.98,Ron Pardo,6.857,Marsai Martin,11.289,144327371,40127371,27.8,104200000,72.2,80.0,97.0,G,CalBrunker,JenniferDodge,8-20-2021,40000000.0,6.2,5533,movie,PAW Patrol: The Movie,0,2021,86,"Action,Adventure,Animation"
31,Tom & Jerry: The Movie,31,Richard Kind,11.545,Dana Hill,8.714,Anndi McAfee,6.441,Rip Taylor,4.487,Henry Gibson,9.997,133336687,46536687,34.9,86800000,65.1,14.0,40.0,G,MichaelWinner,MichaelWinner,4-14-1992,2700000.0,5.3,33209,movie,Tom & Jerry,0,2021,101,"Adventure,Animation,Comedy"
32,Jujutsu Kaisen 0: The Movie,32,Megumi Ogata,7.683,Kana Hanazawa,16.36,Mikako Komatsu,5.869,Koki Uchiyama,17.522,Tomokazu Seki,12.709,132854533,17698677,13.3,115155856,86.7,98.0,98.0,PG-13,",SunghooPark",",HiroakiMatsutani,MasayaSaito,YuriMurai,MakotoKimura,TatsuyaŌmori,ToshihiroMaeda",3-18-2022,,8.1,5421,movie,Gekijouban Jujutsu Kaisen 0,0,2021,105,"Action,Animation,Fantasy"
33,Be Somebody,33,Matthew Espinosa,1.214,Sarah Jeffery,11.532,Allison Paige,7.041,Caitlin Keats,3.039,LaMonica Garrett,8.686,132326332,-,-,132326332,100,,47.0,PG,JoshuaCaldwell,GaryBinkow,6-10-2016,,7.0,555,movie,Yang ming li wan,0,2021,123,"Comedy,Drama,Mystery"
34,Halloween Kills,34,Jamie Lee Curtis,15.757,Judy Greer,23.295,Andi Matichak,8.847,James Jude Courtney,4.232,Nick Castle,7.416,131647155,92002155,69.9,39645000,30.1,40.0,66.0,R,DavidGordonGreen,"MalekAkkad,JasonBlum,BillBlock",10-15-2021,92000000.0,5.6,69473,movie,Halloween Kills,0,2021,105,"Horror,Thriller"
35,Raya and the Last Dragon,35,Kelly Marie Tran,5.705,Awkwafina,44.339,Izaac Wang,5.476,Gemma Chan,24.587,Daniel Dae Kim,11.747,130423032,54723032,42,75700000,58,93.0,97.0,PG,"DonHall,CarlosLópezEstrada","OsnatShurer,PeterDelVecho",3-5-2021,54700000.0,7.3,139950,movie,Raya and the Last Dragon,0,2021,107,"Action,Adventure,Animation"
36,Sister,36,Whoopi Goldberg,8.711,Maggie Smith,17.595,Kathy Najimy,8.357,Wendy Makkena,6.803,Mary Wickes,6.415,128317206,-,-,128317206,100,,,,YaminaBenguigui,PhilippeDupuis-Mendel,10-29-2021,,6.6,362,movie,Wo de jie jie,0,2021,127,Drama
37,Sister,37,Whoopi Goldberg,8.711,Maggie Smith,17.595,Kathy Najimy,8.357,Wendy Makkena,6.803,Mary Wickes,6.415,128317206,-,-,128317206,100,,,,YaminaBenguigui,PhilippeDupuis-Mendel,10-29-2021,,8.3,11,movie,Sister,0,2021,69,Horror
38,The King's Man,38,Ralph Fiennes,32.618,Harris Dickinson,16.789,Gemma Arterton,23.064,Rhys Ifans,55.189,Djimon Hounsou,35.554,125928656,37176373,29.5,88752283,70.5,41.0,80.0,R,MatthewVaughn,"MatthewVaughn,DavidReid,AdamBohling",12-22-2021,37200000.0,6.3,107357,movie,The King's Man,0,2021,131,"Action,Adventure,Thriller"
39,The Addams Family 2,39,Oscar Isaac,60.716,Charlize Theron,40.523,Javon Walton,7.591,Chloë Grace Moretz,56.69,Nick Kroll,14.161,119815153,56489153,47.1,63326000,52.9,28.0,69.0,PG,"GregTiernan,ConradVernon","GailBerman,ConradVernon,DanielleSterling,AlisonO'Brien",10-1-2021,56500000.0,5.4,9713,movie,The Addams Family 2,0,2021,93,"Adventure,Animation,Comedy"
40,My Love,40,Adelaide Kane,8.678,Benjamin Hollingsworth,12.308,Jean Louisa Kelly,8.571,James Remar,16.906,Lamon Archey,0.996,114016434,86252,<0.1,113930182,99.9,,,,,,,,6.0,225,movie,Ni de hun li,0,2021,115,"Comedy,Romance"
41,Clifford the Big Red Dog,41,Darby Camp,10.5,Jack Whitehall,14.041,Izaac Wang,5.476,John Cleese,13.501,Tony Hale,10.473,107347356,48947356,45.6,58400000,54.4,58.0,94.0,PG,WaltBecker,"JordanKerner,IoleLucchese",11-10-2021,48900000.0,6.0,10772,movie,Clifford the Big Red Dog,0,2021,96,"Adventure,Comedy,Family"
42,Wrath of Man,42,Jason Statham,68.171,Holt McCallany,12.229,Scott Eastwood,19.778,Jeffrey Donovan,19.69,Josh Hartnett,19.025,103966489,27466489,26.4,76500000,73.6,66.0,90.0,R,GuyRitchie,"GuyRitchie,BillBlock,IvanAtkinson",5-7-2021,27500000.0,7.1,155882,movie,Wrath of Man,0,2021,119,"Action,Crime,Thriller"
43,Detective Conan: The Scarlet Bullet,43,Minami Takayama,10.806,Kappei Yamaguchi,11.26,Wakana Yamazaki,3.604,Rikiya Koyama,7.883,Naoko Matsui,6.805,95580715,-,-,95580715,100,,,,TomokaNagaoka,,,,6.2,932,movie,Meitantei Conan: Hiiro no dangan,0,2021,110,"Action,Animation,Crime"
44,Evangelion: 3.0+1.01 Thrice Upon a Time,44,Megumi Ogata,7.683,Yuko Miyamura,5.047,Megumi Hayashibara,7.296,Maaya Sakamoto,6.097,Kotono Mitsuishi,8.321,92246218,-,-,92246218,100,,,,,,,,8.0,8461,movie,Shin Evangelion Gekijôban,0,2021,154,"Action,Animation,Drama"
45,End Game,45,Cuba Gooding Jr.,8.647,Angie Harmon,10.007,James Woods,18.024,Patrick Fabian,12.69,Peter Greene,14.069,91824961,23149,<0.1,91801812,100,100.0,80.0,,"RobEpstein,JeffreyFriedman","RobEpstein,JeffreyFriedman,RebekahFergusson,WilliamHirsch",,,6.2,759,movie,Ren chao xiong yong,0,2021,119,"Action,Comedy,Crime"
46,Old,46,Gael García Bernal,11.422,Vicky Krieps,12.779,Rufus Sewell,27.956,Alex Wolff,9.446,Thomasin McKenzie,30.893,90146510,48276510,53.6,41870000,46.4,39.0,37.0,R,SpikeLee,"RoyLee,DougDavison,NathanKahane",11-27-2013,2200000.0,5.8,91533,movie,Old,0,2021,108,"Drama,Horror,Mystery"
47,Mortal Kombat,47,Lewis Tan,9.425,Jessica McNamee,7.906,Josh Lawson,5.094,Joe Taslim,7.141,Mehcad Brooks,16.586,83726031,42326031,50.6,41400000,49.4,54.0,86.0,R,SimonMcQuoid,"JamesWan,ToddGarner",4-23-2021,42200000.0,6.1,164157,movie,Mortal Kombat,0,2021,110,"Action,Adventure,Fantasy"
48,Candyman,48,Yahya Abdul-Mateen II,11.716,Teyonah Parris,8.711,Colman Domingo,8.016,Nathan Stewart-Jarrett,5.632,Kyle Kaminsky,0.6,77411570,61186570,79,16225000,21,84.0,72.0,R,NiaDaCosta,"IanCooper,WinRosenfeld,JordanPeele",8-27-2021,61200000.0,5.9,51765,movie,Candyman,0,2021,91,"Horror,Thriller"
49,The Forever Purge,49,Ana de la Reguera,14.337,Tenoch Huerta,10.983,Josh Lucas,10.904,Leven Rambin,10.016,Cassidy Freeman,7.076,76994245,44539245,57.8,32455000,42.2,49.0,78.0,R,EverardoGout,"JasonBlum,MichaelBay,AndrewForm,BradFuller,SebastienK.Lemercier,JamesDeMonaco",7-2-2021,44500000.0,5.4,27861,movie,The Forever Purge,0,2021,103,"Action,Horror,Thriller"
50,1921,50,Huang Xuan,11.613,Ni Ni,8.183,Wang Renjun,4.619,Liu Haoran,8.529,Yuan Wenkang,5.506,75159828,-,-,75159828,100,,0.0,,VikramBhatt,VikramBhatt,,,4.1,288,movie,1921,0,2021,138,Drama
51,West Side Story,51,Ansel Elgort,20.545,Rachel Zegler,16.012,Rita Moreno,6.096,Ariana DeBose,5.787,David Alvarez,1.4,75079121,38420245,51.2,36658876,48.8,91.0,94.0,PG-13,StevenSpielberg,"StevenSpielberg,KristieMacoskoKrieger,KevinMcCollum",12-10-2021,38500000.0,7.3,63453,movie,West Side Story,0,2021,156,"Crime,Drama,Musical"
52,Hitman's Wife's Bodyguard,52,Ryan Reynolds,40.796,Samuel L. Jackson,56.705,Salma Hayek,22.609,Antonio Banderas,18.301,Morgan Freeman,23.816,70060492,38014727,54.3,32045765,45.7,26.0,79.0,R,PatrickHughes,"MatthewO'Toole,LesWeldon,YarivLerner",6-16-2021,38000000.0,6.1,80715,movie,Hitman's Wife's Bodyguard,0,2021,100,"Action,Comedy,Crime"
53,Belle,53,Gugu Mbatha-Raw,12.915,Tom Wilkinson,13.739,Sam Reid,10.709,Emily Watson,19.528,Sarah Gadon,18.054,63163907,4006300,6.3,59157607,93.7,95.0,95.0,PG,MamoruHosoda,YuichiroSaito,1-14-2022,4000000.0,7.3,6329,movie,Ryû to sobakasu no hime,0,2021,121,"Adventure,Animation,Drama"
54,Ron's Gone Wrong,54,Zach Galifianakis,14.573,Jack Dylan Grazer,12.228,Ed Helms,15.096,Olivia Colman,12.297,Justice Smith,14.942,60692022,23009270,37.9,37682752,62.1,80.0,94.0,PG,"SarahSmith,Jean-PhilippeVine,","JulieLockhart,LaraBreay",10-22-2021,23000000.0,7.1,28367,movie,Ron's Gone Wrong,0,2021,107,"Adventure,Animation,Comedy"
55,Cloudy Mountain,55,Zhu Yilong,2.745,Huang Zhizhong,3.096,Chen Shu,5.127,Jiao Junyan,3.65,Zhang Shangmingzhu,1.025,58281703,-,-,58281703,100,,82.0,,LiJun,,10-22-2021,,5.8,390,movie,Feng bao,0,2021,114,"Action,Adventure,Drama"
56,Nezha Reborn,56,Yang Tianxiang,8.596,He Zhang,1.495,Xuan Xiaoming,0.605,Li Shimeng,3.205,Keer Zhu,0.75,56088478,-,-,56088478,100,,75.0,,JiZhao,Luxi,,,6.8,3019,movie,Xin shen bang: Ne Zha chong sheng,0,2021,118,"Action,Animation,Fantasy"
57,Nobody,57,Bob Odenkirk,17.442,Connie Nielsen,25.131,Christopher Lloyd,26.808,Aleksey Serebryakov,4.566,RZA,9.185,55705035,27568035,49.5,28137000,50.5,,35.0,,ShawnLinden,,,,7.4,217182,movie,Nobody,0,2021,92,"Action,Crime,Drama"
58,Upcoming,58,Albert Brooks,17.697,Pervis Atkins,1.96,René Auberjonois,6.798,Lisa Hartman,8.41,Kay Lenz,10.574,54300000,-,-,54300000,100,,,,LesteChen,,,,6.8,425,movie,Sheng xia wei lai,0,2021,115,Drama
59,Man in Love,59,Hwang Jung-min,8.721,Han Hye-jin,9.192,Nam Il-woo,2.003,Kwak Do-won,6.113,Jeong Man-sik,2.997,52946097,-,-,52946097,100,,,,,,,,6.9,1552,movie,Dang nan ren lian ai shi,0,2021,115,"Drama,Romance"
60,Break Through the Darkness,60,Jiang Wu,4.228,Zhang Songwen,8.793,Jin Shijia,4.396,Li Qian,2.383,Zhao Yi,1.4,52700000,-,-,52700000,100,,,,,,,,5.4,154,movie,Sao hei · Jue zhan,0,2021,112,Drama
61,Escape Room: Tournament of Champions,61,Taylor Russell,17.641,Logan Miller,14.811,Indya Moore,8.164,Holland Roden,14.001,Thomas Cocquerel,7.12,51914753,25314753,48.8,26600000,51.2,50.0,76.0,PG-13,AdamRobitel,NealH.Moritz,7-16-2021,25200000.0,5.7,37283,movie,Escape Room: Tournament of Champions,0,2021,88,"Action,Adventure,Horror"
62,Schemes in Antiques,62,Lei Jiayin,7.108,Li Xian,4.649,Ge You,3.421,Xin Zhilei,8.728,Wang Qingxiang,1.393,51637422,36501,<0.1,51600921,99.9,60.0,,,Chi-kinKwok,,12-17-2021,,6.0,243,movie,Gu dong ju zhong ju,0,2021,123,"Action,Adventure,Comedy"
63,Luca,63,Jacob Tremblay,12.784,Jack Dylan Grazer,12.228,Emma Berman,5.134,Saverio Raimondo,2.761,Maya Rudolph,11.778,49750471,-,-,49750471,100,91.0,86.0,PG,EnricoCasarosa,AndreaWarren,6-18-2021,,7.5,145754,movie,Luca,0,2021,95,"Adventure,Animation,Comedy"
64,Don't Breathe 2,64,Stephen Lang,20.876,Brendan Sexton III,14.868,Madelyn Grace,3.597,Stephanie Arcila,5.722,Rocci Williams,4.294,47312950,32712950,69.1,14600000,30.9,44.0,85.0,R,RodoSayaguesMendez,"FedeAlvarez,SamRaimi,RobTapert",8-13-2021,32600000.0,6.1,46706,movie,Don't Breathe 2,0,2021,98,"Action,Crime,Horror"
65,My Hero Academia: World Heroes' Mission,65,Daiki Yamashita,18.14,Nobuhiko Okamoto,11.632,Yuki Kaji,13.997,Ryo Yoshizawa,8.778,Kazuya Nakai,10.996,46850819,12271658,26.2,34579161,73.8,86.0,95.0,PG-13,KenjiNagasaki,,10-29-2021,11700000.0,7.4,2885,movie,Boku no Hero Academia: World Heroes Mission,0,2021,104,"Action,Adventure,Animation"
66,The French Dispatch,66,Bill Murray,23.94,Benicio del Toro,15.254,Adrien Brody,15.374,Tilda Swinton,17.432,Léa Seydoux,24.524,46281956,16124375,34.8,30157581,65.2,75.0,76.0,R,WesAnderson,"WesAnderson,StevenRales,JeremyDawson",10-29-2021,16100000.000000002,7.2,98283,movie,The French Dispatch,0,2021,107,"Comedy,Drama,Romance"
67,Love Will Tear Us Apart,67,Kaleigh Macchio,0.6,August Roads,3.528,Azure Valencia,0.6,,,,,45060290,-,-,45060290,100,,,,,,,,6.3,165,movie,Wo yao wo men zai yi qi,0,2021,105,Romance
68,In the Heights,68,Anthony Ramos,13.432,Corey Hawkins,6.796,Leslie Grace,3.601,Melissa Barrera,12.769,Olga Merediz,6.469,43975167,29975167,68.2,14000000,31.8,94.0,94.0,PG-13,JonM.Chu,"Lin-ManuelMiranda,QuiaraAlegríaHudes,ScottSanders,AnthonyBregman,MaraJacobs",6-10-2021,29900000.0,7.3,44023,movie,In the Heights,0,2021,143,"Drama,Musical,Romance"
69,Belfast,69,Jude Hill,0.6,Caitriona Balfe,8.68,Jamie Dornan,12.431,Judi Dench,8.949,Ciarán Hinds,29.898,42845489,9047410,21.1,33798079,78.9,86.0,92.0,PG-13,KennethBranagh,"KennethBranagh,LauraBerwick,BeccaKovacik,TamarThomas",11-12-2021,9200000.0,7.3,51989,movie,Belfast,0,2021,98,"Biography,Drama,History"
70,Spirit Untamed,70,Isabela Merced,17.013,Jake Gyllenhaal,21.848,Julianne Moore,18.698,Marsai Martin,11.289,Mckenna Grace,57.227,42717215,17716215,41.5,25001000,58.5,49.0,95.0,PG,ElaineBogan,KarenFoster,6-4-2021,17600000.0,5.5,3344,movie,Spirit Untamed,0,2021,88,"Adventure,Animation,Comedy"
71,Spiral,71,Chris Rock,20.036,Samuel L. Jackson,56.705,Max Minghella,10.976,Marisol Nichols,12.938,Morgan David Jones,4.768,40618920,23216862,57.2,17402058,42.8,74.0,38.0,,"KurtisDavidHarder,JohnPoliquin","ChrisJ.Ball,KurtisDavidHarder,ColinMinihan",,,5.2,46995,movie,Spiral: From the Book of Saw,0,2021,93,"Crime,Drama,Horror"
72,Spiral,72,Chris Rock,20.036,Samuel L. Jackson,56.705,Max Minghella,10.976,Marisol Nichols,12.938,Morgan David Jones,4.768,40618920,23216862,57.2,17402058,42.8,74.0,38.0,,"KurtisDavidHarder,JohnPoliquin","ChrisJ.Ball,KurtisDavidHarder,ColinMinihan",,,7.5,14,movie,Spiral,0,2021,92,Drama
73,Snake Eyes,73,Henry Golding,8.632,Andrew Koji,7.942,Haruka Abe,10.573,Úrsula Corberó,23.102,Samara Weaving,23.726,40064325,28264325,70.5,11800000,29.5,40.0,35.0,R,BrianDePalma,BrianDePalma,7-30-1998,55600000.0,5.4,33415,movie,Snake Eyes: G.I. Joe Origins,0,2021,121,"Action,Adventure,Fantasy"
74,Tokyo Revengers,74,Takumi Kitamura,6.685,Ryo Yoshizawa,8.778,Yuki Yamada,12.968,Yosuke Sugino,10.87,Mio Imada,15.456,39687069,-,-,39687069,100,,,,,,,,7.1,1091,movie,Tokyo Revengers,0,2021,120,"Action,Crime,Drama"
75,Resident Evil: Welcome to Raccoon City,75,Kaya Scodelario,44.822,Robbie Amell,32.842,Hannah John-Kamen,19.542,Tom Hopper,15.505,Avan Jogia,9.923,38600612,17000612,44,21600000,56,31.0,65.0,R,JohannesRoberts,"RobertKulzer,JamesHarris,HartleyGorenstein",11-24-2021,16900000.0,5.2,40486,movie,Resident Evil: Welcome to Raccoon City,0,2021,107,"Action,Horror,Sci-Fi"
76,King Richard,76,Will Smith,33.966,Aunjanue Ellis,13.528,Saniyya Sidney,8.719,Demi Singleton,1.938,Tony Goldwyn,8.646,38061180,15061180,39.6,23000000,60.4,90.0,98.0,PG-13,ReinaldoMarcusGreen,"TimWhite,TrevorWhite,WillSmith",11-19-2021,15100000.0,7.5,78130,movie,King Richard,0,2021,144,"Biography,Drama,Sport"
77,Nightmare Alley,77,Bradley Cooper,38.912,Cate Blanchett,18.898,Toni Collette,24.141,Willem Dafoe,27.4,Richard Jenkins,11.093,38009220,11296894,29.7,26712326,70.3,80.0,68.0,R,GuillermodelToro,"GuillermodelToro,J.MilesDale,BradleyCooper",12-17-2021,11300000.0,7.1,104043,movie,Nightmare Alley,0,2021,150,"Crime,Drama,Thriller"
78,The Yinyang Master,78,Chen Kun,8.38,Zhou Xun,12.814,William Chan Wai-Ting,13.425,Qu Chuxiao,9.261,Wang Likun,4.584,37690000,-,-,37690000,100,,,,,,,,6.4,2555,movie,Shi shen ling,0,2021,113,"Action,Adventure,Drama"
79,Rurouni Kenshin: Final Chapter Part I - The Final,79,Takeru Satoh,16.147,Emi Takei,10.023,Mackenyu,17.367,Munetaka Aoki,4.937,Yu Aoi,8.369,36964978,-,-,36964978,100,,85.0,,KeishiOhtomo,SatoshiFukushima,,,7.2,8210,movie,Rurôni Kenshin: Sai shûshô - The Final,0,2021,138,"Action,Drama"
80,The Door Lock,80,Bai Baihe,3.959,Bai Ke,1.946,Fan Chengcheng,3.868,Wang Zixuan,7.106,Marc Ma,0.802,36100000,-,-,36100000,100,,,,,,,,4.7,73,movie,Men suo,0,2021,105,"Crime,Drama,Thriller"
81,Arashi Anniversary Tour 5 x 20 Film: Record of Memories,81,,,,,,,,,,,36065638,-,-,36065638,100,,,,,,,,8.8,24,movie,Arashi Anniversary Tour 5 x 20 Film: Record of Memories,0,2021,147,Music
82,I Fell in Love Like a Flower Bouquet,82,Masaki Suda,9.285,Kasumi Arimura,24.14,Kaya Kiyohara,17.293,Kanata Hosoda,9.218,Joe Odagiri,3.567,34975905,-,-,34975905,100,,,,,,,,7.3,1605,movie,Hanataba mitaina koi wo shita,0,2021,124,"Drama,Romance"
83,Malignant,83,Annabelle Wallis,40.876,Maddie Hasson,11.773,George Young,3.325,Michole Briana White,7.208,Jean Louisa Kelly,8.571,33991791,13391791,39.4,20600000,60.6,76.0,52.0,R,JamesWan,"JamesWan,MichaelClear",9-10-2021,13400000.0,6.3,79209,movie,Malignant,0,2021,111,"Crime,Horror,Mystery"
84,Big Red Envelope,84,Bao Bei Er,7.902,Clara Lee,10.63,Zhang Yiming,0.6,Jia Bing,1.96,Xu Juncong,1.216,32800000,-,-,32800000,100,,,,,,,,4.7,38,movie,Big Red Envelope,0,2021,122,\N
85,Masquerade Night,85,Takuya Kimura,10.54,Masami Nagasawa,13.437,Fumiyo Kohinata,2.967,Zen Kajihara,1.686,Eisuke Sasai,4.475,32287400,-,-,32287400,100,,,,,,,,6.4,272,movie,Masquerade Night,0,2021,129,"Crime,Drama,Mystery"
86,Once Upon a Time in Hong Kong,86,Louis Koo,16.886,Tony Leung Ka-fai,11.318,Francis Ng,8.953,Gordon Lam,8.718,Philip Keung,6.731,32218874,-,-,32218874,100,,,,,,,,5.5,151,movie,Once Upon a Time in Hong Kong,0,2021,105,"Action,Crime,History"
87,Home Sweet Home,87,Ellie Kemper,14.265,Rob Delaney,8.391,Archie Yates,4.318,Aisling Bea,10.28,Pete Holmes,7.99,32178677,-,-,32178677,100,,,,JuanMas,J.D.DeWitt,,,5.4,317,movie,Mi mi fang ke,0,2021,110,"Drama,Mystery,Thriller"
88,Respect,88,Jennifer Hudson,3.43,Forest Whitaker,11.654,Marlon Wayans,12.773,Audra McDonald,5.26,Mary J. Blige,5.134,32104126,24278399,75.6,7825727,24.4,68.0,95.0,PG-13,LieslTommy,"HarveyMasonJr.,ScottBernstein,JonathanGlickman,StaceySher",8-13-2021,24300000.0,6.5,11397,movie,Respect,0,2021,145,"Biography,Drama,Music"
89,The Unholy,89,Jeffrey Dean Morgan,17.9,Cricket Brown,8.763,William Sadler,19.708,Katie Aselton,6.761,Cary Elwes,19.0,30832137,15532137,50.4,15300000,49.6,26.0,56.0,PG-13,EvanSpiliotopoulos,"SamRaimi,RobTapert,EvanSpiliotopoulos",4-2-2021,15500000.0,5.1,18805,movie,The Unholy,0,2021,99,"Drama,Horror,Mystery"
90,The Last Duel,90,Matt Damon,23.323,Adam Driver,18.735,Jodie Comer,29.463,Harriet Walter,10.693,Ben Affleck,23.439,30552111,10853945,35.5,19698166,64.5,85.0,81.0,R,RidleyScott,"RidleyScott,KevinJ.Walsh,JenniferFox,NicoleHolofcener",10-15-2021,10800000.0,7.4,132489,movie,The Last Duel,0,2021,152,"Action,Drama,History"
91,Licorice Pizza,91,Alana Haim,7.879,Cooper Hoffman,6.135,Sean Penn,14.277,Tom Waits,8.254,Bradley Cooper,38.912,30530197,17005688,55.7,13524509,44.3,90.0,65.0,R,PaulThomasAnderson,"SaraMurphy,AdamSomner,PaulThomasAnderson",12-25-2021,17300000.0,7.4,70675,movie,Licorice Pizza,0,2021,133,"Comedy,Drama,Romance"
92,The Little Things,92,Denzel Washington,33.586,Rami Malek,20.994,Jared Leto,70.2,Chris Bauer,8.037,Michael Hyatt,9.761,29942746,15342746,51.2,14600000,48.8,44.0,67.0,R,JohnLeeHancock,"JohnLeeHancock,MarkJohnson",1-29-2021,14700000.0,6.3,92302,movie,The Little Things,0,2021,128,"Crime,Drama,Mystery"
93,Escape from Mogadishu,93,Kim Yoon-seok,7.465,Jo In-sung,4.84,Heo Joon-ho,7.57,Kim So-jin,3.35,Jeong Man-sik,2.997,29861163,346271,1.2,29514892,98.8,95.0,87.0,,RyooSeung-wan,KangHye-jung,8-6-2021,329.6K,7.1,3957,movie,Mogadisyu,0,2021,121,"Action,Drama,Thriller"
94,Master,94,Regina Hall,14.426,Zoe Renee,3.616,Amber Gray,1.3,Talia Ryder,8.304,Talia Balsam,11.013,28692230,-,-,28692230,100,74.0,40.0,R,MariamaDiallo,"JoshuaAstrachan,BradBecker-Parton,AndreaRoa",3-18-2022,,8.0,68845,movie,Master,0,2021,179,"Action,Thriller"
95,The Last Warrior: Root of Evil,95,Viktor Horinyak,9.859,Mila Syvatska,5.748,Ekaterina Vilkova,6.604,Elena Yakovleva,3.695,Konstantin Lavronenko,3.823,28357398,-,-,28357398,100,,,,,,,,6.0,926,movie,Posledniy bogatyr. Koren' Zla,0,2021,121,"Adventure,Comedy,Family"
96,The Last Warrior: A Messenger of Darkness,96,Viktor Horinyak,9.859,Mila Syvatska,5.748,Ekaterina Vilkova,6.604,Elena Yakovleva,3.695,Konstantin Lavronenko,3.823,27052365,-,-,27052365,100,,,,,,,,5.4,323,movie,Posledniy bogatyr: Poslannik tmy,0,2021,108,"Adventure,Fantasy"
97,American Underdog,97,Zachary Levi,21.383,Anna Paquin,12.407,Dennis Quaid,13.1,Jason Allen Wear,1.4,Aaron J. Brooks,0.6,26514814,26514814,100,-,-,75.0,98.0,PG,"AndrewErwin,JonErwin","JonErwin,AndrewErwin,DarylLefever,MarkCiardi,KevinDownes",12-25-2021,26500000.0,7.2,8781,movie,American Underdog,0,2021,112,"Biography,Drama,Sport"
98,Chaos Walking,98,Daisy Ridley,20.045,Tom Holland,128.32,Mads Mikkelsen,51.526,Demián Bichir,6.129,David Oyelowo,6.407,26508132,13287908,50.1,13220224,49.9,22.0,71.0,PG-13,DougLiman,"DougDavison,AllisonShearmur,ErwinStoff,AlisonWinter",3-5-2021,13300000.0,5.7,42705,movie,Chaos Walking,0,2021,109,"Action,Adventure,Fantasy"
99,Those Who Wish Me Dead,99,Angelina Jolie,13.484,Finn Little,15.489,Jon Bernthal,24.637,Nicholas Hoult,25.64,Aidan Gillen,12.977,23468586,7407200,31.6,16061386,68.4,62.0,86.0,R,TaylorSheridan,"StevenZaillian,GarrettBasch,AaronL.Gilbert,KevinTuren,TaylorSheridan",5-14-2021,7300000.0,6.0,56206,movie,Those Who Wish Me Dead,0,2021,100,"Action,Crime,Drama"
100,The Marksman,100,Liam Neeson,33.989,Katheryn Winnick,36.255,Teresa Ruiz,21.983,Juan Pablo Raba,11.645,Jacob Perez,0.737,23076711,15566093,67.5,7510618,32.5,39.0,83.0,PG-13,RobertLorenz,"TaiDuncan,MarkWilliams,WarrenGoz,EricGold,RobertLorenz",1-15-2021,15500000.0,5.6,30162,movie,The Marksman,0,2021,108,"Action,Adventure,Drama"
101,Last Night in Soho,101,Thomasin McKenzie,30.893,Anya Taylor-Joy,38.002,Matt Smith,8.488,Rita Tushingham,7.986,Michael Ajao,2.136,22957625,10127625,44.1,12830000,55.9,76.0,90.0,R,EdgarWright,"NiraPark,TimBevan,EricFellner,LauraRichardson,EdgarWright",10-29-2021,10100000.0,7.1,97145,movie,Last Night in Soho,0,2021,116,"Drama,Horror,Mystery"
102,The Day We Lit Up the Sky,102,Peng Yuchang,5.184,Xu Enyi,0.828,Zhang Youhao,1.469,Yin Zheng,6.387,Sun Rui,0.6,22500000,-,-,22500000,100,,,,,,,,3.5,39,movie,Ran ye shao nian de tian kong,0,2021,108,"Comedy,Music"
103,Spencer,103,Kristen Stewart,28.953,Jack Farthing,8.224,Sally Hawkins,19.115,Timothy Spall,11.204,Sean Harris,13.718,22249509,7086632,31.9,15162877,68.1,83.0,52.0,R,PabloLarraín,"MarenAde,JonasDornbach,JanineJackowski,JuandeDiosLarraín,PabloLarraín,PaulWebster",11-5-2021,7100000.0,6.7,52944,movie,Spencer,0,2021,117,"Biography,Drama"
104,Kaamelott: First Installment,104,Alexandre Astier,2.219,Lionnel Astier,3.395,Anne Girouard,1.388,Thomas Cousseau,2.81,Franck Pitiot,1.576,21965451,188000,0.9,21777451,99.1,,,,,,,,6.3,3065,movie,Kaamelott - Premier volet,0,2021,120,"Adventure,Comedy,Fantasy"
105,After We Fell,105,Josephine Langford,23.354,Hero Fiennes Tiffin,13.794,Louise Lombard,13.173,Chance Perdomo,4.577,Rob Estes,9.706,21584600,2170750,10.1,19413850,89.9,0.0,33.0,R,CastilleLandon,"MarkCanton,JenniferGibgot,AronLevitz,BrianPitt,CourtneySolomon",,2100000.0,4.8,11749,movie,After We Fell,0,2021,98,"Drama,Romance"
106,Rurouni Kenshin: Final Chapter Part II - The Beginning,106,,,,,,,,,,,21318560,-,-,21318560,100,,,,KeishiOhtomo,,,,7.4,7742,movie,Rurôni Kenshin: Sai shûshô - The Beginning,0,2021,137,"Action,Adventure,Drama"
107,Wish Dragon,107,Jimmy Wong,3.559,John Cho,8.081,Constance Wu,6.272,Natasha Liu Bordizzo,10.429,Jimmy O. Yang,19.789,21120000,-,-,21120000,100,68.0,79.0,PG,ChrisAppelhans,"ChrisBremble,JackieChan,AronWarner",,,7.2,24165,movie,Wish Dragon,0,2021,98,"Adventure,Animation,Comedy"
108,Stillwater,108,Matt Damon,23.323,Abigail Breslin,23.194,Camille Cottin,7.26,Lilou Siauvaud,3.483,Deanna Dunagan,1.193,19697881,14465535,73.4,5232346,26.6,74.0,72.0,R,TomMcCarthy,"SteveGolin,TomMcCarthy,JonathanKing,LizaChasin",7-30-2021,14400000.0,6.6,35672,movie,Stillwater,0,2021,139,"Crime,Drama,Thriller"
109,Les Tuche 4,109,Jean-Paul Rouve,8.876,Isabelle Nanty,9.095,Michel Blanc,9.224,Claire Nadeau,1.623,Sarah Stern,12.39,19259766,-,-,19259766,100,,,,,,,,4.3,143,movie,Les Tuche 4,0,2021,101,Comedy
110,Dear Evan Hansen,110,Ben Platt,4.425,Kaitlyn Dever,21.092,Amy Adams,19.554,Danny Pino,8.676,Julianne Moore,18.698,19046191,15002646,78.8,4043545,21.2,29.0,88.0,PG-13,StephenChbosky,"MarcPlatt,AdamSiegel",9-24-2021,15000000.0,6.1,10975,movie,Dear Evan Hansen,0,2021,137,"Drama,Musical"
111,Parallel Mothers,111,Penélope Cruz,23.261,Milena Smit,2.495,Israel Elejalde,1.61,Aitana Sánchez-Gijón,12.321,Rossy de Palma,12.791,19003217,2141040,11.3,16862177,88.7,96.0,79.0,R,PedroAlmodóvar,"AgustínAlmodóvar,EstherGarcía",12-24-2021,2300000.0,7.1,21085,movie,Madres paralelas,0,2021,123,Drama
112,The Pioneer,112,,,,,,,,,,,18900000,-,-,18900000,100,,,,,,,,5.7,106,movie,Ge Ming Zhe,0,2021,121,"Drama,History"
113,The Green Knight,113,Dev Patel,9.853,Alicia Vikander,17.078,Joel Edgerton,9.409,Sarita Choudhury,13.405,Sean Harris,13.718,18888418,17173321,90.9,1715097,9.1,89.0,50.0,R,DavidLowery,"TimHeadington,TobyHalbrooks,JamesM.Johnston,TheresaSteelePage",7-30-2021,17000000.0,6.6,87094,movie,The Green Knight,0,2021,130,"Adventure,Drama,Fantasy"
114,Antlers,114,Keri Russell,11.239,Jesse Plemons,32.283,Jeremy Thomas,0.65,Graham Greene,8.627,Scott Haze,12.219,18867659,10619670,56.3,8247989,43.7,60.0,68.0,R,ScottCooper,"GuillermodelToro,DavidS.Goyer,J.MilesDale",10-29-2021,10600000.0,5.9,30427,movie,Antlers,0,2021,99,"Drama,Horror,Mystery"
115,Sinkhole,115,Cha Seung-won,11.741,Kim Sung-kyun,6.544,Lee Kwang-soo,11.993,Kim Hye-jun,8.329,Nam Da-reum,8.457,18804231,-,-,18804231,100,,,,,,,,6.2,1318,movie,Sinkhole,0,2021,117,"Action,Comedy,Drama"
116,Mobile Suit Gundam: Hathaway,116,Kensho Ono,15.102,Reina Ueda,9.419,Junichi Suwabe,16.209,Soma Saito,5.484,Atsumi Tanezaki,18.831,18731309,-,-,18731309,100,83.0,74.0,,ShûkôMurase,NaohiroOgata,,,6.6,1294,movie,Kidô senshi Gandamu: Senkô no Hasauei,0,2021,95,"Action,Animation,Drama"
117,Bo Gia,117,Trấn Thành,1.694,Tuấn Trần,0.618,Ngân Chi,0.6,Ngọc Giàu,0.84,Lê Giang,1.4,17480489,350000,2,17130489,98,,,,,,,,6.5,803,movie,Bo Gia,0,2021,128,"Comedy,Drama,Family"
118,Gintama: The Final,118,Tomokazu Sugita,10.146,Daisuke Sakaguchi,3.174,Rie Kugimiya,17.678,Kazuya Nakai,10.996,Akira Ishida,11.463,17252960,-,-,17252960,100,,,,,,,,8.7,2044,movie,Gintama: The Final,0,2021,104,"Action,Animation,Comedy"
119,Railway Heroes,119,Zhang Hanyu,8.378,Fan Wei,3.436,Vision Wei,2.419,Zhou Ye,5.421,Yu Haoming,4.756,17223542,-,-,17223542,100,,100.0,,,"RuoqingFu,,YangLei,ZhongleiWang",11-25-2021,,5.8,176,movie,Tie dao ying xiong,0,2021,124,"Drama,History,War"
120,The Wolf and the Lion,120,Molly Kunz,13.447,Graham Greene,8.627,Charlie Carrick,7.353,Derek Johns,1.4,Rebecca Croll,1.797,16296147,1851627,11.4,14444520,88.6,26.0,90.0,PG,GillesdeMaistre,"SylvainProulx,ClaudeLéger,JonathanVanger,JacquesPerrin,NicolasElghozi,ValentinePerrin,GillesdeMaistre,CatherineCamborde",2-4-2022,1900000.0,6.0,1046,movie,Le loup et le lion,0,2021,99,Family
121,Upon the Magic Roads,121,Anton Shagin,4.026,Pavel Derevyanko,5.265,Mikhail Efremov,0.635,Paulina Andreeva,5.425,Yan Tsapnik,7.57,15990882,-,-,15990882,100,,,,,,,,5.8,807,movie,Konyok-gorbunok,0,2021,111,"Adventure,Fantasy"
122,Reminiscence,122,Hugh Jackman,23.696,Rebecca Ferguson,48.521,Thandiwe Newton,29.571,Cliff Curtis,16.479,Marina de Tavira,3.45,15800193,3900193,24.7,11900000,75.3,36.0,37.0,PG-13,LisaJoy,"MichaelDeLuca,LisaJoy,JonathanNolan,AaronRyder",8-20-2021,3900000.0,5.8,49379,movie,Reminiscence,0,2021,116,"Mystery,Romance,Sci-Fi"
123,Your Turn to Kill,123,Tomoyo Harada,4.976,Kei Tanaka,7.43,Nanase Nishino,8.888,Ryusei Yokohama,16.296,Kodai Asaka,7.167,15476242,-,-,15476242,100,,,,,,,,4.6,18,movie,Your Turn to Kill,0,2021,142,"Drama,Mystery"
124,Something About Love,124,Stefan Wodoslawsky,1.399,Jan Rubeš,2.472,Jennifer Dale,4.6,,,,,15204017,-,-,15204017,100,,,,,,,,5.5,312,movie,Zwaar verliefd! 2,0,2021,105,"Comedy,Romance"
125,Anita,125,Christina Lindberg,4.854,Stellan Skarsgård,20.205,Danièle Vlaminck,1.025,Michel David,0.656,Erika Wickman,0.984,15026604,556632,3.7,14469972,96.3,,,,,,,,7.1,733,movie,Anita,0,2021,137,"Biography,Drama,History"
126,The Tomorrow War,126,Chris Pratt,27.826,Yvonne Strahovski,22.169,J.K. Simmons,17.78,Betty Gilpin,16.992,Sam Richardson,16.43,14400000,-,-,14400000,100,52.0,76.0,PG-13,ChrisMcKay,"DavidEllison,DanaGoldberg,DonGranger,JulesDaly,DavidS.Goyer,AdamKolbrenner",,,6.6,193011,movie,The Tomorrow War,0,2021,138,"Action,Adventure,Drama"
127,"And, the Baton Was Passed",127,Satomi Ishihara,17.179,Nao Omori,5.409,Mei Nagano,11.008,Kei Tanaka,7.43,Kenshi Okada,8.232,14368469,-,-,14368469,100,,,,,,,,7.2,28,movie,"And, the Baton Was Passed",0,2021,137,Drama
128,Cry Macho,128,Clint Eastwood,39.921,Eduardo Minett,3.937,Natalia Traven,8.028,Dwight Yoakam,7.01,Fernanda Urrejola,8.886,14340402,10310734,71.9,4029668,28.1,58.0,64.0,PG-13,ClintEastwood,"AlbertS.Ruddy,TimMoore,JessicaMeier,ClintEastwood",9-17-2021,10300000.0,5.7,23346,movie,Cry Macho,0,2021,104,Drama
129,99.9 Criminal Lawyer: The Movie,129,,,,,,,,,,,14269321,-,-,14269321,100,,,,,,,,6.9,16,movie,99.9 Criminal Lawyer: The Movie,0,2021,120,"Comedy,Crime,Drama"
130,Crayon Shin-chan: Shrouded in Mystery! The Flowers of Tenkazu Academy,130,Yumiko Kobayashi,7.283,Tamao Hayashi,1.952,Teiyū Ichiryūsai,2.397,Satomi Korogi,5.163,Mari Mashiba,2.25,14059824,-,-,14059824,100,,,,,,,,7.5,154,movie,Crayon Shin-chan: Shrouded in Mystery! The Flowers of Tenkazu Academy,0,2021,104,"Animation,Mystery"
131,Sword Art Online: Progressive - Aria of a Starless Night,131,Yoshitsugu Matsuoka,15.061,Haruka Tomatsu,19.934,Inori Minase,12.805,Koichi Yamadera,9.389,Hiroki Yasumoto,8.786,14027926,1050000,7.5,12977926,92.5,,95.0,,,,12-3-2021,,7.3,723,movie,Gekijôban Sword Art Online Progressive Hoshi naki yoru no Aria,0,2021,97,"Action,Adventure,Animation"
132,Christmas with the Chosen: The Messengers,132,Sara Ann Burciaga,0.6,Raj Bond,0.6,Phil Wickham,0.6,Joel Smallbone,0.654,Luke Smallbone,0.6,13728000,13728000,100,-,-,,96.0,,"DallasJenkins,JacobSchwarz",,12-1-2021,,7.5,664,movie,Christmas with the Chosen: The Messengers,0,2021,123,Music
133,OSS 117: From Africa with Love,133,Jean Dujardin,16.879,Pierre Niney,9.534,Wladimir Yordanoff,1.01,Fatou N'Diaye,4.033,Natacha Lindinger,6.548,13433702,-,-,13433702,100,,,,,,,,5.9,3435,movie,OSS 117: Alerte rouge en Afrique noire,0,2021,117,"Action,Comedy"
134,Hostage: Missing Celebrity,134,Hwang Jung-min,8.721,Kim Jae-bum,1.082,Lee You-mi,11.787,Ryu Kyung-soo,4.325,Lee Ho-jung,8.645,13125970,-,-,13125970,100,,,,,,,,6.2,617,movie,Injil,0,2021,94,Action
135,Eiffel,135,Romain Duris,13.919,Emma Mackey,36.057,Pierre Deladonchamps,4.013,Armande Boulanger,3.486,Andranic Manet,3.963,13082620,-,-,13082620,100,80.0,,,MartinBourboulon,VanessaVanZuylen,4-15-2022,,6.2,2730,movie,Eiffel,0,2021,108,"Biography,Drama,History"
136,Vakeel Saab,136,Pawan Kalyan,4.263,Prakash Raj,3.906,Shruti Haasan,6.807,Nivetha Thomas,3.874,Anjali,4.026,13056490,-,-,13056490,100,,83.0,,VenuSriram,"BoneyKapoor,DilRaju,Sireesh",,,8.0,11572,movie,Vakeel Saab,0,2021,153,"Action,Crime,Drama"
137,Monkey King Reborn,137,Bian Jiang,2.351,Cai Haiting,0.6,Su Shangqing,3.637,Zhang Lei,0.6,He Zhang,1.495,13002635,-,-,13002635,100,,80.0,,YunfeiWang,"AlexWong,RuoqingFu,HanZhanYu",,,6.1,332,movie,The Monkey King: Reborn,0,2021,95,"Action,Animation,Fantasy"
138,School of Magical Animals,138,Emilia Maier,0.623,Leonard Artur Conrads,0.764,Loris Sichrovsky,1.16,Nadja Uhl,1.183,Justus von Dohnányi,3.352,12949263,-,-,12949263,100,,,,,,,,5.6,185,movie,Die Schule der magischen Tiere,0,2021,93,"Adventure,Family"
139,The Bodin's in the Land of Smile,139,Vincent Dubois,2.387,Jean-Christian Fraiscinet,0.84,Bella Boonsang,0.6,Nicolas Marié,0.913,Fanny Dubois,0.6,12872253,-,-,12872253,100,,,,,,,,5.4,73,movie,Les Bodin's en Thaïlande,0,2021,98,Comedy
140,The Many Saints of Newark,140,Alessandro Nivola,6.133,Leslie Odom Jr.,6.866,Michael Gandolfini,3.517,Ray Liotta,16.388,Michela De Rossi,9.204,12737403,8237403,64.7,4500000,35.3,71.0,59.0,R,AlanTaylor,"DavidChase,LawrenceKonner,NicoleLambert",10-1-2021,8199999.999999999,6.3,47365,movie,The Many Saints of Newark,0,2021,120,"Crime,Drama"
141,Character,141,,,,,,,,,,,12571501,-,-,12571501,100,,,,,,,,6.6,342,movie,Character,0,2021,125,"Crime,Horror,Thriller"
142,On Your Mark,142,Chage & Aska,0.6,,,,,,,,,12100000,-,-,12100000,100,,70.0,,HayaoMiyazaki,,,,6.7,64,movie,Qi pao,0,2021,104,"Comedy,Drama,Sport"
143,On the Line,143,John Travolta,11.259,Kate Bosworth,16.088,Devon Sawa,19.409,Julie Benz,20.135,Sharon Stone,21.114,11772156,-,-,11772156,100,,,TV14,ElodieKeene,GuyJ.Louthan,,,6.3,167,movie,Boiseu,0,2021,\N,"Action,Crime,Drama"
144,The Fable: The Killer Who Doesn't Kill,144,Junichi Okada,10.037,Fumino Kimura,10.017,Shinichi Tsutsumi,4.393,Yurina Hirate,3.738,Masanobu Ando,10.783,11325545,-,-,11325545,100,,,,,,,,6.8,1191,movie,The Fable: The Killer Who Doesn't Kill,0,2021,133,"Action,Comedy,Mystery"
145,What Did You Eat Yesterday?,145,Hidetoshi Nishijima,11.729,Seiyo Uchino,9.185,Koji Yamamoto,2.806,Hayato Isomura,6.276,Makita Sports,2.223,11320893,-,-,11320893,100,,,,,,,,8.4,72,movie,What Did You Eat Yesterday?,0,2021,120,Romance
146,Krack,146,,,,,,,,,,,10442916,-,-,10442916,100,,,,,,,,7.4,6488,movie,Krack,0,2021,154,"Action,Crime,Thriller"
147,Kaiserschmarrndrama,147,Sebastian Bezzel,4.307,Simon Schwarz,1.117,Lisa Maria Potthoff,4.312,Michael Ostrowski,2.205,Enzi Fuchs,2.319,10357720,-,-,10357720,100,,,,,,,,7.1,618,movie,Kaiserschmarrndrama,0,2021,96,"Comedy,Crime"
148,"Caution, Hazardous Wife: The Movie",148,Haruka Ayase,16.757,Hidetoshi Nishijima,11.729,Kosuke Suzuki,2.77,Kenshi Okada,8.232,Atsuko Maeda,3.157,10356359,-,-,10356359,100,,,,,,,,5.7,223,movie,Gekijôban: Okusawa wa toriatsukai chûi,0,2021,119,Adventure
149,Realm of Terracotta,149,Zhu Guangzu,0.6,Ming Zhang,0.6,Ziyu Zhou,1.38,Tan Xiao,1.4,,,10341512,-,-,10341512,100,,,,,,,,7.0,83,movie,Realm of Terracotta,0,2021,111,"Adventure,Animation,Fantasy"
150,Detective Conan: The Scarlet Alibi,150,Minami Takayama,10.806,Wakana Yamazaki,3.604,Rikiya Koyama,7.883,Shuuichi Ikeda,5.826,Megumi Hayashibara,7.296,10308627,-,-,10308627,100,,,,,,,,6.3,190,movie,Meitantei Conan: Hiiro no fuzai shômei,0,2021,93,"Animation,Crime,Mystery"
151,Never Stop,151,Andy Samberg,40.034,Jorma Taccone,10.694,Akiva Schaffer,3.707,Sarah Silverman,9.285,Tim Meadows,9.055,10224935,-,-,10224935,100,,,,BowenHan,,6-11-2021,,5.1,39,movie,Never Stop,0,2021,98,"Drama,Sport"
152,Black Box,152,Mamoudou Athie,3.875,Phylicia Rashād,6.543,Amanda Christine,4.047,Tosin  Morohunfola,5.103,Charmaine Bingwa,1.742,9604737,-,-,9604737,100,,,,YannGozlan,"WassimBéji,MatthiasWeber(II)",4-29-2022,,7.2,5639,movie,Boîte noire,0,2021,129,"Drama,Mystery,Thriller"
153,The Soul,153,Jon Meacham,1.403,John Lewis,1.646,George Takei,6.345,Lisa Tetrault,0.6,Donald Tamaki,0.6,9600000,-,-,9600000,100,89.0,71.0,,,",",10-29-2021,,6.6,2623,movie,Ji hun,0,2021,130,"Drama,Mystery,Sci-Fi"
154,¡A todo tren! Destino Asturias,154,Santiago Segura,5.856,Leo Harlem,2.295,El Cejas,0.6,David Guapo,3.185,Alan Miranda,0.98,9544171,-,-,9544171,100,,,,,,,,5.2,601,movie,¡A todo tren! Destino Asturias,0,2021,90,Comedy
155,Baragaki: Unbroken Samurai,155,Junichi Okada,10.037,Ko Shibasaki,13.234,Ryohei Suzuki,6.466,Ryosuke Yamada,4.725,Hideaki Ito,9.538,9481437,-,-,9481437,100,,,,,,,,5.4,80,movie,Moeyo Ken,0,2021,148,Drama
156,Ainbo,156,Lola Raie,1.91,Alejandra Gollas,3.046,Thom Hoffman,4.988,Bernardo de Paula,2.169,Dino Andrade,1.502,9382572,-,-,9382572,100,,,,,,,,4.8,1466,movie,AINBO: Spirit of the Amazon,0,2021,84,"Adventure,Animation,Comedy"
157,The Worst Person in the World,157,Seth Rogen,19.602,Bryan Cranston,30.228,Max Greenfield,8.251,David Krumholtz,16.139,Vanessa Britting,0.828,9142898,2770100,30.3,6372798,69.7,96.0,86.0,R,JoachimTrier,",ThomasRobsahm",2-4-2022,3000000.0,7.9,34297,movie,Verdens verste menneske,0,2021,128,"Comedy,Drama,Romance"
158,All About My Mother,158,Cecilia Roth,4.351,Marisa Paredes,4.021,Candela Peña,6.836,Antonia San Juan,5.657,Penélope Cruz,23.261,8900000,-,-,8900000,100,98.0,93.0,R,PedroAlmodóvar,AgustínAlmodóvar,11-24-1999,8300000.000000001,6.0,42,movie,Guan yu wo ma de yi qie,0,2021,120,Drama
159,The Vault,159,Freddie Highmore,35.473,Astrid Bergès-Frisbey,11.169,Sam Riley,8.794,Liam Cunningham,12.303,Jose Coronado,4.408,8808878,-,-,8808878,100,60.0,53.0,R,JaumeBalagueró,"GhislainBarrois,ÁlvaroAugustin,FranciscoSanchezOrtiz,EnekoLizarraga,FreddieHighmore",3-26-2021,,6.4,22118,movie,Way Down,0,2021,118,"Action,Adventure,Thriller"
160,Honey Lemon Soda,160,Mayu Hotta,6.474,Murakami Maito Raul,0.6,Ai Yoshikawa,5.565,Tatsuomi Hamada,4.679,Ryota Bando,7.885,8441488,-,-,8441488,100,,,,,,,,6.8,64,movie,Honey Lemon Soda,0,2021,111,"Comedy,Drama,Romance"
161,Delicious,161,Christopher Thornton,2.666,Juliette Lewis,16.435,Orlando Bloom,13.4,Laura Linney,12.533,Noah Emmerich,12.883,8435163,-,-,8435163,100,100.0,93.0,,ÉricBesnard,"PhilipBoëffard,ChristopheRossignon",1-14-2022,,7.0,1509,movie,Délicieux,0,2021,112,"Comedy,Drama,History"
162,The Medium,162,Dubravka Šeparović Mušović,0.6,Ivana Lazar,0.6,Margareta Matišić,0.6,Tamara Franetović Felbinger,0.6,Ozren Bilušić,0.6,8357445,-,-,8357445,100,78.0,75.0,,BanjongPisanthanakun,"NaHong-jin,BanjongPisanthanakun",,,6.6,6071,movie,The Medium,0,2021,130,Horror
163,The Protégé,163,Michael Keaton,17.975,Maggie Q,18.091,Samuel L. Jackson,56.705,David Rintoul,4.325,Patrick Malahide,10.007,8282208,7446823,89.9,835385,10.1,61.0,82.0,R,MartinCampbell,"ArthurM.Sarkissian,MosheDiamant,RobertVanNorden,YarivLerner,ChristopherMilburn",8-20-2021,7400000.0,6.1,26900,movie,The Protégé,0,2021,109,"Action,Thriller"
164,I Don't Have Any Money Left in My Retirement Account,164,Yuki Amami,7.501,Yutaka Matsushige,3.542,Mitsuko Kusabue,4.039,Rie Shibata,1.841,Yua Shinkawa,10.744,8204616,-,-,8204616,100,,,,,,,,8.2,11,movie,I Don't Have Any Money Left in My Retirement Account,0,2021,115,Family
165,White Snake 2: Green Snake,165,Tang Xiaoxi,5.404,Zhang Fuzheng,0.972,Wei Chao,1.4,Zhao Mingzhou,1.4,Zheng Xiaopu,1.326,8170000,-,-,8170000,100,,,,,,,,6.8,2088,movie,Bai She 2: Qing She jie qi,0,2021,131,"Action,Adventure,Animation"
166,New Happy Dad and Son 4,166,Liu Chunyan,0.6,Dong Hao,0.6,Ju Ping,1.044,,,,,8070000,-,-,8070000,100,,,,,,,,4.6,7,movie,New Happy Dad and Son 4,0,2021,80,Animation
167,Lost Illusions,167,Phillips Smalley,0.917,Lois Weber,1.15,,,,,,,8012246,-,-,8012246,100,75.0,,,XavierGiannoli,,6-10-2022,,7.5,1659,movie,Illusions perdues,0,2021,149,"Drama,Romance"
168,Sunny Sisters,168,Yin Tao,8.32,Zeng Li,4.318,Ni Hongjie,2.113,Zhang Xinyi,4.717,Zhou Jieqiong,2.485,7880000,-,-,7880000,100,,,,,,,,5.3,44,movie,Yang Guang Jie Mei Tao,0,2021,118,Comedy
169,Hard Hit,169,Jo Woo-jin,11.404,Lee Jae-in,5.114,Ji Chang-wook,18.52,Jin Kyung,9.706,Kim Ji-ho,1.96,7633895,-,-,7633895,100,100.0,71.0,,KimChang-ju,,,,6.2,1078,movie,Balsinjehan,0,2021,94,"Drama,Thriller"
170,Little Canned Men,170,Zhuang Zexi,0.6,Tian Yu,2.58,Bai Yao,0.6,,,,,7600000,-,-,7600000,100,,,,,,,,5.8,18,movie,Little Canned Men,0,2021,94,"Comedy,Fantasy"
171,Pushpa: The Rise - Part 1,171,Allu Arjun,6.026,Rashmika Mandanna,10.489,Fahadh Faasil,0.84,Jagadeesh Prathap Bandari,1.4,Sunil Varma,2.136,7592374,1320000,17.4,6272374,82.6,,,,,,,,8.0,54694,movie,Pushpa: The Rise - Part 1,0,2021,179,"Action,Adventure,Crime"
172,The Mauritanian,172,Tahar Rahim,6.704,Jodie Foster,17.671,Benedict Cumberbatch,39.658,Shailene Woodley,25.831,Zachary Levi,21.383,7527030,836536,11.1,6690494,88.9,75.0,83.0,R,KevinMacdonald,"AdamAckland,LeahClarke,BenedictCumberbatch,LloydLevin,BeatrizLevin,MarkHolder,ChristineHolder,BranwenPrestwoodSmith,MichaelBronner",2-12-2021,832.4K,7.4,47789,movie,The Mauritanian,0,2021,129,"Biography,Drama,Thriller"
173,The Ice Road,173,Liam Neeson,33.989,Marcus Thomas,5.706,Laurence Fishburne,30.531,Amber Midthunder,13.462,Holt McCallany,12.229,7502846,-,-,7502846,100,43.0,31.0,PG-13,JonathanHensleigh,"DavidBuelow,AlCorley,LeeNelson,ShivaniRawat,BartRosenblatt,DavidTish",,,5.6,35641,movie,The Ice Road,0,2021,109,"Action,Adventure,Thriller"
174,'83,174,Ranveer Singh,7.16,Pankaj Tripathi,2.092,Tahir Raj Bhasin,0.75,Saqib Saleem,3.699,Ammy Virk,3.85,7351061,4055660,55.2,3295401,44.8,79.0,96.0,,KabirKhan,"DeepikaPadukone,KabirKhan,VishnuvardhanInduri,SajidNadiadwala",12-23-2021,3900000.0,7.4,28834,movie,83,0,2021,162,"Biography,Drama,History"
175,Signal: The Movie,175,Kentaro Sakaguchi,11.371,Kazuki Kitamura,9.654,Michiko Kichise,5.244,Yuichi Kimura,3.336,Tetsuhiro Ikeda,2.68,7344186,-,-,7344186,100,,,,,,,,6.0,76,movie,Gekijôban: Signal,0,2021,122,Action
176,Water Boys,176,Hayato Ichihara,8.077,Satomi Ishihara,17.179,Akiyoshi Nakao,1.031,Keita Saito,1.22,Teppei Koike,1.874,7200000,-,-,7200000,100,,,,,,,,6.4,106,movie,Wu ge pu shui de shao nian,0,2021,111,"Comedy,Sport"
177,Couple from the Future,177,Sergey Burunov,8.959,Mariya Aronova,2.653,Denis Paramonov,1.96,Darya Konyzheva,2.552,Sergey Stepin,0.705,7160729,-,-,7160729,100,,,,,,,,6.3,455,movie,Para iz buduschego,0,2021,104,"Comedy,Drama,Romance"
178,Sooryavanshi,178,Akshay Kumar,3.945,Katrina Kaif,5.27,Ajay Devgn,3.191,Ranveer Singh,7.16,Jackie Shroff,4.392,6984082,3547776,50.8,3436306,49.2,30.0,83.0,,RohitShetty,"HirooJohar,ArunaBhatia,KaranJohar,ApoorvaMehta,RohitShetty",11-5-2021,3500000.0,6.6,74748,movie,Sooryavanshi,0,2021,145,"Action,Crime,Thriller"
179,Extinct,179,Adam DeVine,13.748,Rachel Bloom,9.223,Zazie Beetz,17.431,Ken Jeong,8.844,Jim Jefferies,4.373,6926445,-,-,6926445,100,43.0,39.0,,DavidSilverman,"JoeM.Aguilar,JoelH.Cohen,JohnFrink,YanmingJiang,RobLaZebnik,ZhongleiWang",,,5.4,2275,movie,Extinct,0,2021,84,"Adventure,Animation,Comedy"
180,Are You Lonesome Tonight?,180,Jane Seymour,10.693,Parker Stevenson,6.366,Beth Broderick,10.737,Robert Pine,6.987,Joel Brooks,5.654,6902639,-,-,6902639,100,100.0,,,ShipeiWen,"JingxuanHu,WangJing",,,6.3,364,movie,Re dai wang shi,0,2021,95,"Crime,Drama,Mystery"
