,Unnamed: 0,Movie Title,Worldwide,Domestic,%,Foreign,%.1,Score_Rotten,Score_Audience,Rating,Director,Producer,Release Date (Theaters),Box Office (Gross USA),averageRating,numVotes,titleType,originalTitle,isAdult,startYear,runtimeMinutes,genres
0,0,Frozen,1280802282,400738009,31.3,880064273,68.7,90.0,85.0,PG,"ChrisBuck,JenniferLee","MikeHuang,PeterDelVecho,KristinYadamec,AngelaFrancesDanna,DaraMcgarry,KellyEisert,JamesEHasman,NathanCurtis,JulieBaner,SheriPatterson",11-27-2013,401000000.0,7.5,608533,movie,Frozen,0,2013,102,"Adventure,Animation,Comedy"
1,1,Iron Man 3,1214811252,409013994,33.7,805797258,66.3,79.0,78.0,PG-13,ShaneBlack,KevinFeige,5-3-2013,409000000.0,7.2,820282,movie,Iron Man Three,0,2013,130,"Action,Adventure,Sci-Fi"
2,2,Despicable Me 2,970766005,368065385,37.9,602700620,62.1,75.0,85.0,PG,"ChrisRenaud,PierreCoffin","ChristopherMeledandri,JanetHealy",7-3-2013,368000000.0,7.3,389969,movie,Despicable Me 2,0,2013,98,"Adventure,Animation,Comedy"
3,3,The Hobbit: The Desolation of Smaug,958366855,258366855,27,700000000,73.0,74.0,85.0,PG-13,PeterJackson,"CarolynneCunningham,ZaneWeiner,FranWalsh,PeterJackson",12-13-2013,258399999.99999997,7.8,640048,movie,The Hobbit: The Desolation of Smaug,0,2013,161,"Adventure,Fantasy"
4,4,The Hunger Games: Catching Fire,865011746,424668047,49.1,440343699,50.9,90.0,89.0,PG-13,FrancisLawrence,"JonKilik,NinaJacobson",11-22-2013,,7.5,648558,movie,The Hunger Games: Catching Fire,0,2013,146,"Action,Adventure,Drama"
5,5,Fast & Furious 6,788679850,238679850,30.3,550000000,69.7,71.0,84.0,PG-13,JustinLin,"NealH.Moritz,VinDiesel,ClaytonTownsend",5-24-2013,238700000.0,7.1,388161,movie,Furious 6,0,2013,130,"Action,Crime,Thriller"
6,6,Monsters University,743559607,268492764,36.1,475066843,63.9,80.0,81.0,G,DanScanlon,KoriRae,6-21-2013,268500000.0,7.3,348397,movie,Monsters University,0,2013,104,"Adventure,Animation,Comedy"
7,7,Gravity,723192705,274092705,37.9,449100000,62.1,,,,,,,,7.7,808963,movie,Gravity,0,2013,91,"Action,Drama,Sci-Fi"
8,8,Man of Steel,668045518,291045518,43.6,377000000,56.4,56.0,75.0,PG-13,ZackSnyder,"CharlesRoven,ChristopherNolan,EmmaThomas,DeborahSnyder",6-14-2013,291000000.0,7.1,749635,movie,Man of Steel,0,2013,143,"Action,Adventure,Sci-Fi"
9,9,Thor: The Dark World,644783140,206362140,32,438421000,68.0,66.0,75.0,PG-13,AlanTaylor,KevinFeige,11-8-2013,206400000.0,6.8,653648,movie,Thor: The Dark World,0,2013,112,"Action,Adventure,Fantasy"
10,10,The Croods,587204668,187168425,31.9,400036243,68.1,72.0,77.0,PG,"ChristopherSanders,KirkDeMicco","KristineBelson,JaneHartwell",3-22-2013,187200000.0,7.2,209335,movie,The Croods,0,2013,98,"Adventure,Animation,Comedy"
11,11,World War Z,540007876,202359711,37.5,337648165,62.5,66.0,72.0,PG-13,MarcForster,"BradPitt,DedeGardner,JeremyKleiner,IanBryce",6-21-2013,202400000.0,7.0,644784,movie,World War Z,0,2013,116,"Action,Adventure,Horror"
12,12,Oz the Great and Powerful,493311825,234911825,47.6,258400000,52.4,57.0,56.0,PG,SamRaimi,JoeRoth,3-8-2013,234900000.0,6.3,205745,movie,Oz the Great and Powerful,0,2013,130,"Adventure,Family,Fantasy"
13,13,Star Trek Into Darkness,467365246,228778661,49,238586585,51.0,84.0,89.0,PG-13,J.J.Abrams,"J.J.Abrams,BryanBurk,DamonLindelof,AlexKurtzman,RobertoOrci",5-16-2013,228800000.0,7.7,478249,movie,Star Trek Into Darkness,0,2013,132,"Action,Adventure,Sci-Fi"
14,14,The Wolverine,414828246,132556852,32,282271394,68.0,71.0,69.0,PG-13,JamesMangold,"LaurenShulerDonner,HutchParker,HughJackman",7-26-2013,132500000.0,6.7,454929,movie,The Wolverine,0,2013,126,"Action,Sci-Fi"
15,15,Pacific Rim,411002906,101802906,24.8,309200000,75.2,72.0,77.0,PG-13,GuillermodelToro,"ThomasTull,JonJashni,GuillermodelToro,MaryParent",7-12-2013,101800000.0,6.9,490612,movie,Pacific Rim,0,2013,131,"Action,Adventure,Sci-Fi"
16,16,The Wolf of Wall Street,392000694,116900694,29.8,275100000,70.2,79.0,83.0,R,MartinScorsese,"MartinScorsese,LeonardoDiCaprio,RizaAziz,JoeyMcFarland,EmmaTillingerKoskoff",12-25-2013,116900000.0,8.2,1329990,movie,The Wolf of Wall Street,0,2013,180,"Biography,Comedy,Crime"
17,17,G.I. Joe: Retaliation,375740705,122523060,32.6,253217645,67.4,29.0,48.0,PG-13,JonM.Chu,"LorenzodiBonaventura,BrianGoldner",3-28-2013,122500000.0,5.8,180206,movie,G.I. Joe: Retaliation,0,2013,110,"Action,Adventure,Sci-Fi"
18,18,The Hangover Part III,362000072,112200072,31,249800000,69.0,20.0,44.0,R,ToddPhillips,"ToddPhillips,DanGoldberg",5-23-2013,112200000.0,5.8,309190,movie,The Hangover Part III,0,2013,100,"Comedy,Crime"
19,19,The Great Gatsby,353641895,144840419,41,208801476,59.0,48.0,67.0,PG-13,BazLuhrmann,"BazLuhrmann,CatherineMartin,DouglasWick,LucyFisher,CatherineKnapman",5-10-2013,144800000.0,7.2,523713,movie,The Great Gatsby,0,2013,143,"Drama,Romance"
20,20,Now You See Me,351723989,117723989,33.5,234000000,66.5,51.0,70.0,PG-13,LouisLeterrier,"AlexKurtzman,RobertoOrci,BobbyCohen,BoazYakin",5-31-2013,117700000.0,7.2,639237,movie,Now You See Me,0,2013,115,"Crime,Mystery,Thriller"
21,21,The Smurfs 2,347545360,71017784,20.4,276527576,79.6,14.0,56.0,PG,RajaGosnell,JordanKerner,7-31-2013,71000000.0,5.3,41352,movie,The Smurfs 2,0,2013,105,"Adventure,Animation,Comedy"
22,22,The Conjuring,319494638,137400141,43,182094497,57.0,86.0,83.0,R,JamesWan,"TonyDeRosa-Grund,PeterSafran,RobCowan",7-19-2013,137400000.0,7.5,488753,movie,The Conjuring,0,2013,112,"Horror,Mystery,Thriller"
23,23,A Good Day to Die Hard,304654182,67349198,22.1,237304984,77.9,15.0,40.0,R,JohnMoore,"AlexYoung,WyckGodfrey",2-14-2013,67300000.0,5.2,205390,movie,A Good Day to Die Hard,0,2013,98,"Action,Thriller"
24,24,Oblivion,286168572,89107235,31.1,197061337,68.9,,,,,,,,7.0,511724,movie,Oblivion,0,2013,124,"Action,Adventure,Sci-Fi"
25,25,Elysium,286140700,93050117,32.5,193090583,67.5,65.0,58.0,R,NeillBlomkamp,"BillBlock,NeillBlomkamp,SimonKinberg",8-9-2013,93100000.0,6.6,439592,movie,Elysium,0,2013,109,"Action,Drama,Sci-Fi"
26,26,Turbo,282570682,83028128,29.4,199542554,70.6,67.0,65.0,PG,DavidSoren,LisaStewart,7-17-2013,83000000.0,6.4,94046,movie,Turbo,0,2013,96,"Adventure,Animation,Comedy"
27,27,Cloudy with a Chance of Meatballs 2,274325949,119793567,43.7,154532382,56.3,71.0,66.0,PG,"CodyCameron,KrisPearn","KirkBodyfelt,PamMarsden",9-27-2013,119800000.0,6.4,99950,movie,Cloudy with a Chance of Meatballs 2,0,2013,95,"Adventure,Animation,Comedy"
28,28,Epic,268426634,107518682,40.1,160907952,59.9,65.0,65.0,PG,ChrisWedge,"LoriForte,JerryDavis",5-24-2013,107500000.0,6.6,104250,movie,Epic,0,2013,102,"Action,Adventure,Animation"
29,29,The Lone Ranger,260502115,89302115,34.3,171200000,65.7,31.0,51.0,PG-13,GoreVerbinski,"JerryBruckheimer,GoreVerbinski",7-3-2013,89300000.0,6.4,230711,movie,The Lone Ranger,0,2013,150,"Action,Adventure,Western"
30,30,American Hustle,251171807,150117807,59.8,101054000,40.2,92.0,74.0,R,DavidO.Russell,"CharlesRoven,RichardSuckle,MeganEllison,JonathanGordon",12-20-2013,150100000.0,7.3,471050,movie,American Hustle,0,2013,138,"Crime,Drama"
31,31,Grown Ups 2,246984278,133668525,54.1,113315753,45.9,8.0,53.0,PG-13,DennisDugan,"AdamSandler,JackGiarraputo",7-12-2013,133699999.99999999,5.3,150763,movie,Grown Ups 2,0,2013,101,Comedy
32,32,After Earth,243611982,60522097,24.8,183089885,75.2,12.0,36.0,PG-13,M.NightShyamalan,"CaleebPinkett,JadaPinkettSmith,WillSmith,JamesLassiter,M.NightShyamalan",5-31-2013,60500000.0,4.8,199249,movie,After Earth,0,2013,100,"Action,Adventure,Sci-Fi"
33,33,Planes,239258712,90288712,37.7,148970000,62.3,,,,,,,,5.7,44632,movie,Planes,0,2013,91,"Adventure,Animation,Comedy"
34,34,Hansel & Gretel: Witch Hunters,226349749,55703475,24.6,170646274,75.4,,,,,,,,6.1,203938,movie,Hansel & Gretel: Witch Hunters,0,2013,88,"Action,Fantasy,Horror"
35,35,Captain Phillips,218791811,107100855,49,111690956,51.0,93.0,89.0,PG-13,PaulGreengrass,"ScottRudin,DanaBrunetti,MichaelDeLuca",10-11-2013,107100000.0,7.8,448596,movie,Captain Phillips,0,2013,134,"Action,Biography,Crime"
36,36,Journey to the West,205637183,18058,<0.1,205619125,100.0,,,,,,,,6.8,12578,movie,Xi you: Xiang mo pian,0,2013,110,"Action,Adventure,Comedy"
37,37,White House Down,205366737,73103784,35.6,132262953,64.4,52.0,62.0,PG-13,RolandEmmerich,"BradleyJ.Fischer,HaraldKloser,JamesVanderbilt,LarryJ.Franco,LaetaKalogridis",6-28-2013,73100000.0,6.3,217883,movie,White House Down,0,2013,131,"Action,Drama,Thriller"
38,38,Percy Jackson: Sea of Monsters,199850315,68559554,34.3,131290761,65.7,42.0,55.0,PG,ThorFreudenthal,"KarenRosenfelt,MichaelBarnathan",8-7-2013,68500000.0,5.8,116444,movie,Percy Jackson: Sea of Monsters,0,2013,106,"Adventure,Family,Fantasy"
39,39,Jack the Giant Slayer,197687603,65187603,33,132500000,67.0,52.0,55.0,PG-13,BryanSinger,"NealH.Moritz,DavidDobkin,BryanSinger,PatrickMcCormick,OriMarmur",3-1-2013,,6.3,137015,movie,Jack the Giant Slayer,0,2013,114,"Action,Adventure,Fantasy"
40,40,The Secret Life of Walter Mitty,188133322,58236838,31,129896484,69.0,75.0,80.0,,NormanZ.McLeod,SamuelGoldwyn,9-1-1947,,7.3,310260,movie,The Secret Life of Walter Mitty,0,2013,114,"Adventure,Comedy,Drama"
41,41,12 Years a Slave,187733202,56671993,30.2,131061209,69.8,95.0,90.0,R,SteveMcQueen,"BradPitt,DedeGardner,JeremyKleiner,BillPohlad,SteveMcQueen,ArnonMilchan,AnthonyKatagas",10-18-2013,56700000.0,8.1,682710,movie,12 Years a Slave,0,2013,134,"Biography,Drama,History"
42,42,Lee Daniels' The Butler,177313795,116632095,65.8,60681700,34.2,72.0,78.0,PG-13,LeeDaniels,"PamelaOasWilliams,LauraZiskin,LeeDaniels,BuddyPatrick,CassianElwes",8-16-2013,116600000.0,7.2,113781,movie,The Butler,0,2013,132,"Biography,Drama"
43,43,Identity Thief,173965010,134506920,77.3,39458090,22.7,19.0,53.0,R,SethGordon,"JasonBateman,PamelaAbdy,ScottStuber",2-8-2013,134500000.0,5.7,131869,movie,Identity Thief,0,2013,111,"Comedy,Crime,Drama"
44,44,Anchorman 2: The Legend Continues,171464676,125168368,73,46296308,27.0,75.0,52.0,PG-13,AdamMcKay,"JuddApatow,WillFerrell,AdamMcKay",12-18-2013,127300000.0,6.3,178433,movie,Anchorman 2: The Legend Continues,0,2013,119,Comedy
45,45,Olympus Has Fallen,170270201,98925640,58.1,71344561,41.9,50.0,66.0,R,AntoineFuqua,"AlanSiegel,EdCathellIII,DannyLerner",3-22-2013,98900000.0,6.5,271412,movie,Olympus Has Fallen,0,2013,119,"Action,Thriller"
46,46,Insidious: Chapter 2,161919318,83586447,51.6,78332871,48.4,39.0,57.0,PG-13,JamesWan,"JasonBlum,OrenPeli",9-13-2013,83600000.0,6.6,166843,movie,Insidious: Chapter 2,0,2013,106,"Horror,Mystery,Thriller"
47,47,Lone Survivor,154802912,125095601,80.8,29707311,19.2,75.0,87.0,R,PeterBerg,"PeterBerg,SarahAubrey,RandallEmmett,NortonHerrick,BarrySpikings,AkivaGoldsman,MarkWahlberg,StephenLevinson,VitalyGrigoriants",1-10-2014,125100000.0,7.5,281619,movie,Lone Survivor,0,2013,121,"Action,Biography,Drama"
48,48,Jackass Presents: Bad Grandpa,151826547,102003019,67.2,49823528,32.8,61.0,60.0,R,JeffTremaine,"JeffTremaine,SpikeJonze,JohnnyKnoxville,DerekFreda",10-25-2013,102000000.0,6.5,93928,movie,Bad Grandpa,0,2013,92,Comedy
49,49,47 Ronin,151783839,38362475,25.3,113421364,74.7,16.0,48.0,PG-13,CarlRinsch,"PamelaAbdy,EricMcLeod",12-25-2013,38300000.0,6.2,157632,movie,47 Ronin,0,2013,128,"Action,Drama,Fantasy"
50,50,RED 2,148075565,53262560,36,94813005,64.0,44.0,63.0,PG-13,DeanParisot,"LorenzodiBonaventura,MarkVahradian",7-19-2013,53200000.0,6.6,168763,movie,RED 2,0,2013,116,"Action,Adventure,Comedy"
51,51,Mama,146428180,71628180,48.9,74800000,51.1,63.0,55.0,PG-13,AndyMuschietti,"J.MilesDale,BarbaraMuschietti",1-18-2013,71600000.0,6.2,178036,movie,Mama,0,2013,100,"Fantasy,Horror,Thriller"
52,52,Escape Plan,137328301,25135965,18.3,112192336,81.7,50.0,55.0,R,MikaelHåfström,"MarkCanton,RandallEmmett,RemingtonChase,RobbieBrenner,KevinKingTempleton",10-18-2013,25100000.0,6.7,239263,movie,Escape Plan,0,2013,115,"Action,Thriller"
53,53,2 Guns,131940411,75612460,57.3,56327951,42.7,65.0,66.0,R,BaltasarKormákur,"MarcPlatt,RandallEmmett,NortonHerrick,AdamSiegel,GeorgeFurla,RossRichie,AndrewCosby",8-2-2013,75600000.0,6.7,208479,movie,2 Guns,0,2013,109,"Action,Comedy,Crime"
54,54,This Is the End,126041322,101470202,80.5,24571120,19.5,83.0,71.0,R,"SethRogen,EvanGoldberg","SethRogen,EvanGoldberg,JamesWeaver",6-12-2013,101500000.0,6.6,403739,movie,This Is the End,0,2013,107,Comedy
55,55,Ender's Game,125544024,61737191,49.2,63806833,50.8,62.0,65.0,PG-13,GavinHood,"GigiPritzker,LindaMcDonough,AlexKurtzman,RobertoOrci,RobertChartoff,LynnHendee,OrsonScottCard,EdUlbrich",11-1-2013,61700000.0,6.6,236467,movie,Ender's Game,0,2013,114,"Action,Adventure,Sci-Fi"
56,56,Prisoners,122126687,61002302,50,61124385,50.0,81.0,87.0,R,DenisVilleneuve,"BroderickJohnson,KiraDavis,AndrewA.Kosove,AdamKolbrenner",9-20-2013,61000000.0,8.1,673271,movie,Prisoners,0,2013,153,"Crime,Drama,Mystery"
57,57,Saving Mr. Banks,117867984,83301580,70.7,34566404,29.3,79.0,84.0,PG-13,JohnLeeHancock,"AlisonOwen,IanCollie,PhilipSteuer",12-20-2013,83300000.0,7.5,159689,movie,Saving Mr. Banks,0,2013,125,"Biography,Comedy,Drama"
58,58,Warm Bodies,116980662,66380662,56.7,50600000,43.3,81.0,73.0,PG-13,JonathanLevine,"BrunaPapandrea,DavidHoberman,ToddLieberman",2-1-2013,66400000.00000001,6.9,228786,movie,Warm Bodies,0,2013,98,"Comedy,Horror,Romance"
59,59,Personal Tailor,116126458,375892,0.3,115750566,99.7,,53.0,,FengXiao-Gang,EvaCao,12-20-2013,375.8K,5.2,1241,movie,Si ren ding zhi,0,2013,118,"Comedy,Drama"
60,60,So Young,114926694,11186,<0.1,114915508,100.0,,36.0,,BernardVorhaus,"EdwardJ.Danziger,HarryLeeDanziger",,,6.4,2179,movie,Zhi wo men zhong jiang shi qu de qing chun,0,2013,131,"Drama,Romance"
61,61,Free Birds,110387072,55750480,50.5,54636592,49.5,20.0,44.0,PG,JimmyHayward,ScottMosier,11-1-2013,55700000.0,5.8,23944,movie,Free Birds,0,2013,91,"Adventure,Animation,Comedy"
62,62,Gangster Squad,105200903,46000903,43.7,59200000,56.3,31.0,57.0,R,RubenFleischer,"DanLin,KevinMcCormick,MichaelTadross",1-11-2013,46000000.0,6.7,213339,movie,Gangster Squad,0,2013,113,"Action,Crime,Drama"
63,63,Instructions Not Included,100486616,44467206,44.3,56019410,55.7,57.0,89.0,PG-13,EugenioDerbez,EugenioDerbez,8-30-2013,44500000.0,7.5,30588,movie,No se aceptan devoluciones,0,2013,115,"Comedy,Drama"
64,64,Philomena,100129872,37709979,37.7,62419893,62.3,91.0,89.0,PG-13,StephenFrears,"GabrielleTana,SteveCoogan,TraceySeaward",11-22-2013,37700000.0,7.6,99015,movie,Philomena,0,2013,98,"Biography,Comedy,Drama"
65,65,Blue Jasmine,99104804,33405481,33.7,65699323,66.3,91.0,77.0,PG-13,WoodyAllen,"LettyAronson,StephenTenenbaum,EdwardWalson",7-26-2013,33400000.0,7.3,200322,movie,Blue Jasmine,0,2013,98,"Comedy,Drama"
66,66,Young Detective Dee: Rise of the Sea Dragon,98774891,87783,<0.1,98687108,99.9,,53.0,,HarkTsui,"Kuo-fuChen,NansunShi,HarkTsui",,,6.4,4794,movie,Di Renjie: Shen du long wang,0,2013,134,"Action,Adventure,Drama"
67,67,Riddick,98337295,42025135,42.7,56312160,57.3,57.0,56.0,R,DavidTwohy,"VinDiesel,TedField",9-6-2013,42000000.0,6.4,163477,movie,Riddick,0,2013,119,"Action,Adventure,Sci-Fi"
68,68,Safe Haven,97594140,71349120,73.1,26245020,26.9,14.0,67.0,PG-13,LasseHallström,"RyanKavanaugh,WyckGodfrey,MartyBowen,NicholasSparks",2-14-2013,71300000.0,6.7,109700,movie,Safe Haven,0,2013,115,"Drama,Romance,Thriller"
69,69,Evil Dead,97542952,54239856,55.6,43303096,44.4,63.0,63.0,R,FedeAlvarez,"RobTapert,SamRaimi,BruceCampbell",4-5-2013,54200000.0,6.5,167136,movie,Evil Dead,0,2013,91,Horror
70,70,42,97470701,95020213,97.5,2450488,2.5,81.0,85.0,PG-13,BrianHelgeland,ThomasTull,4-12-2013,95100000.0,7.5,92934,movie,42,0,2013,128,"Biography,Drama,Sport"
71,71,The Mortal Instruments: City of Bones,95396573,31165421,32.7,64231152,67.3,13.0,58.0,PG-13,HaraldZwart,"RobertKulzer,DonCarmody",8-21-2013,31200000.0,5.9,131877,movie,The Mortal Instruments: City of Bones,0,2013,130,"Action,Adventure,Fantasy"
72,72,Rush,95224595,26947624,28.3,68276971,71.7,89.0,88.0,R,RonHoward,"AndrewEaton,EricFellner,BrianOliver,PeterMorgan,BrianGrazer,RonHoward",9-27-2013,26900000.0,8.1,466058,movie,Rush,0,2013,123,"Action,Biography,Drama"
73,73,Police Story: Lockdown,94249025,-,-,94249025,100.0,25.0,33.0,,ShengDing,JackieChan,6-5-2015,,6.0,9815,movie,Jing cha gu shi 2013,0,2013,110,"Action,Crime,Drama"
74,74,The Internship,93492844,44672764,47.8,48820080,52.2,35.0,51.0,PG-13,ShawnLevy,"VinceVaughn,ShawnLevy",6-7-2013,44700000.0,6.3,201493,movie,The Internship,0,2013,119,Comedy
75,75,The Purge,89328627,64473115,72.2,24855512,27.8,39.0,36.0,R,JamesDeMonaco,"JasonBlum,SebastienK.Lemercier,MichaelBay,AndrewForm,BradFuller",6-7-2013,,5.7,218517,movie,The Purge,0,2013,85,"Horror,Sci-Fi,Thriller"
76,76,Dhoom 3,88031955,8031955,9.1,80000000,90.9,74.0,48.0,,VijayKrishnaAcharya,AdityaChopra,12-20-2013,8000000.0,5.5,45405,movie,Dhoom:3,0,2013,172,"Action,Crime,Thriller"
77,77,Pain & Gain,87305549,49875291,57.1,37430258,42.9,50.0,47.0,R,MichaelBay,"DonaldDeLine,MichaelBay,IanBryce",4-26-2013,49900000.0,6.4,213437,movie,Pain & Gain,0,2013,129,"Action,Comedy,Crime"
78,78,About Time,87100449,15322921,17.6,71777528,82.4,70.0,81.0,R,RichardCurtis,"TimBevan,EricFellner,NickyKentishBarnes",11-8-2013,15300000.0,7.8,334916,movie,About Time,0,2013,123,"Comedy,Drama,Fantasy"
79,79,American Dreams in China,87097067,-,-,87097067,100.0,,77.0,,PeterHo-SunChan,"PeterHo-SunChan,Yuet-JanHui",,,7.0,2477,movie,Zhong Guo he huo ren,0,2013,112,Drama
80,80,Snowpiercer,86758912,4563650,5.3,82195262,94.7,94.0,72.0,R,BongJoonHo,"JeongTae-seong,StevenNam,ParkChan-wook,LeeTaeheon",6-27-2014,4600000.0,7.1,351636,movie,Snowpiercer,0,2013,126,"Action,Sci-Fi,Thriller"
81,81,Carrie,84790678,35266619,41.6,49524059,58.4,50.0,44.0,R,KimberlyPeirce,KevinMisher,10-18-2013,35300000.0,5.9,138723,movie,Carrie,0,2013,100,"Drama,Horror"
82,82,Finding Mr. Right,84112033,6945,<0.1,84105088,100.0,,70.0,,XiaoLuXue,"ShanTam,MatthewTang",,879.8K,6.5,2528,movie,Bei Jing yu shang Xi Ya Tu,0,2013,121,"Comedy,Romance"
83,83,The Fighter Pilot,82879386,-,-,82879386,100.0,,,,,,,,7.3,2521,movie,Eien no 0,0,2013,144,"Action,Drama,Mystery"
84,84,Miracle in Cell No. 7,82101723,-,-,82101723,100.0,,84.0,,MehmetAdaÖztekin,"SanerAyar,SinanTuran",,,8.2,19776,movie,7-beon-bang-ui seon-mul,0,2013,127,"Comedy,Drama"
85,85,The Attorney,78547586,557236,0.7,77990350,99.3,77.0,87.0,,YangWoo-suk,,,,7.7,6294,movie,Byeon-ho-in,0,2013,127,Drama
86,86,The Family,78418811,36918811,47.1,41500000,52.9,28.0,41.0,R,LucBesson,"VirginieSilla,RyanKavanaugh",9-13-2013,114.5K,6.3,115565,movie,The Family,0,2013,111,"Comedy,Crime,Thriller"
87,87,The Family,78418811,36918811,47.1,41500000,52.9,28.0,41.0,R,LucBesson,"VirginieSilla,RyanKavanaugh",9-13-2013,114.5K,7.2,20,movie,The Family,0,2013,152,"Comedy,Crime,Drama"
88,88,Scary Movie V,78378744,32015787,40.8,46362957,59.2,4.0,38.0,PG-13,MalcolmD.Lee,"DavidZucker,PhilDornfeld",4-12-2013,32000000.0,3.5,70486,movie,Scary Movie 5,0,2013,88,Comedy
89,89,R.I.P.D.,78324220,33618855,42.9,44705365,57.1,12.0,38.0,PG-13,RobertSchwentke,"NealH.Moritz,MikeRichardson,MichaelFottrell",7-19-2013,33600000.0,5.6,130073,movie,R.I.P.D.,0,2013,96,"Action,Adventure,Comedy"
90,90,Tiny Times,77717014,23462,<0.1,77693552,100.0,,38.0,,JingmingGuo,"LiLi,XiaofenAn,AdamTsuei,ZhouQiang,AngieChai",7-26-2013,,3.2,2265,movie,Xiao shi dai,0,2013,116,"Drama,Romance"
91,91,Suck Me Shakespeer,77676735,-,-,77676735,100.0,,,,,,,,6.9,28682,movie,Fack ju Göhte,0,2013,119,Comedy
92,92,The Book Thief,76586316,21488481,28.1,55097835,71.9,48.0,73.0,PG-13,BrianPercival,"KarenRosenfelt,KenBlancato",11-8-2013,21400000.0,7.5,133635,movie,The Book Thief,0,2013,131,"Drama,War"
93,93,August: Osage County,74188937,37738810,50.9,36450127,49.1,67.0,65.0,R,JohnWells,"SteveTraxler,JeanDoumanian,GeorgeClooney,GrantHeslov",1-10-2014,37700000.0,7.2,89313,movie,August: Osage County,0,2013,121,"Comedy,Drama"
94,94,The Best Man Holiday,72835710,70525195,96.8,2310515,3.2,70.0,83.0,R,MalcolmD.Lee,"SeanDaniel,MalcolmD.Lee",11-15-2013,70500000.0,6.6,15715,movie,The Best Man Holiday,0,2013,123,"Comedy,Drama"
95,95,The Counselor,71009334,16973715,23.9,54035619,76.1,34.0,23.0,R,RidleyScott,"RidleyScott,NickWechsler,SteveSchwartz,PaulaMaeSchwartz",10-25-2013,16900000.0,5.4,100233,movie,The Counselor,0,2013,117,"Crime,Drama,Thriller"
96,96,Sole a catinelle,69903094,-,-,69903094,100.0,,,,,,,,6.3,6208,movie,Sole a catinelle,0,2013,87,Comedy
97,97,The Call,68572631,51872378,75.6,16700253,24.4,44.0,65.0,R,BradAnderson,"JeffreyGraup,MichaelJ.Luisi,RobertL.Stein,MichaelA.Helfant,BradleyGallo",3-15-2013,51900000.0,6.7,119376,movie,The Call,0,2013,96,"Crime,Drama,Horror"
98,98,One Direction: This Is Us,68532898,28873374,42.1,39659524,57.9,63.0,79.0,PG,MorganSpurlock,"SimonCowell,AdamMilano,MorganSpurlock,BenWinston",8-30-2013,28900000.0,4.5,24296,movie,One Direction: This Is Us,0,2013,92,"Documentary,Music"
99,99,Stalingrad,68316452,1013945,1.5,67302507,98.5,50.0,41.0,R,FedorBondarchuk,"SergeyMelkumov,AntonZlatopolskiy,DmitriyRudovskiy,AlexanderRodnyansky",,1000000.0,5.7,16647,movie,Stalingrad,0,2013,131,"Action,Drama,War"
100,100,Thunder and the House of Magic,64197205,4091,<0.1,64193114,100.0,73.0,54.0,,"JeremyDegruson,BenStassen","NadiaKhamlichi,AdrianPolitowski,BenStassen,CarolineVanIseghem,GillesWaterkeyn",9-5-2014,,6.2,6696,movie,The House of Magic,0,2013,85,"Adventure,Animation,Comedy"
101,101,The Grandmaster,64076736,6594959,10.3,57481777,89.7,78.0,59.0,PG-13,Kar-WaiWong,JackyYeeWahPang,8-23-2013,6600000.0,6.5,33857,movie,Yi dai zong shi,0,2013,130,"Action,Biography,Drama"
102,102,Side Effects,63414135,32172757,50.7,31241378,49.3,81.0,70.0,R,StevenSoderbergh,"LorenzodiBonaventura,GregoryJacobs,ScottZ.Burns",2-8-2013,32200000.000000004,7.1,186934,movie,Side Effects,0,2013,106,"Crime,Drama,Mystery"
103,103,The Host,63365859,26627201,42,36738658,58.0,25.0,76.0,R,AndyNewbery,ZacharyWeckstein,1-17-2020,,5.8,114135,movie,The Host,0,2013,125,"Action,Adventure,Drama"
104,104,Runner Runner,62675095,19316646,30.8,43358449,69.2,7.0,33.0,R,BradFurman,"BrianKoppelman,DavidLevien,ArnonMilchan,JenniferDavissonKilloran,LeonardoDiCaprio,MichaelShamberg,StaceySher",10-4-2013,19300000.0,5.6,63071,movie,Runner Runner,0,2013,88,"Crime,Thriller"
105,105,The Face Reader,61559184,515876,0.8,61043308,99.2,,74.0,,HanJae-rim,KimU-jae,10-4-2013,,6.8,2410,movie,Gwansang,0,2013,140,"Drama,History"
106,106,Kick-Ass 2,60795985,28795985,47.4,32000000,52.6,32.0,57.0,R,JeffWadlow,"MatthewVaughn,AdamBohling,TarquinPack,DavidReid",8-16-2013,28800000.0,6.5,267703,movie,Kick-Ass 2,0,2013,103,"Action,Comedy,Crime"
107,107,A Haunted House,60159584,40041683,66.6,20117901,33.4,9.0,51.0,R,MikeTiddes,"MarlonWayans,RickAlvarez",1-11-2013,40000000.0,5.0,46288,movie,A Haunted House,0,2013,86,"Comedy,Fantasy,Horror"
108,108,Beautiful Creatures,60052138,19452138,32.4,40600000,67.6,47.0,54.0,PG-13,RichardLaGravenese,"ErwinStoff,AndrewA.Kosove,BroderickJohnson,MollySmith,DavidValdes",2-14-2013,19400000.0,6.1,87138,movie,Beautiful Creatures,0,2013,124,"Drama,Fantasy,Romance"
109,109,Snitch,57824674,42930462,74.2,14894212,25.8,57.0,61.0,PG-13,RicRomanWaugh,"NigelSinclair,MattJackson,JonathanKing,DwayneJohnson,DanyGarcia,AlexanderYvesBrunner,TobinArmbrust",2-22-2013,42900000.0,6.4,87505,movie,Snitch,0,2013,112,"Action,Drama,Thriller"
110,110,The Physician,57284237,-,-,57284237,100.0,,73.0,R,PhilippStölzl,,12-5-2014,,7.2,39053,movie,The Physician,0,2013,155,"Adventure,Drama,History"
111,111,Firestorm,55754766,-,-,55754766,100.0,,47.0,,AlanYuen,,,,6.2,2824,movie,Feng bao,0,2013,118,"Action,Crime,Thriller"
112,112,Dallas Buyers Club,55736588,27298285,49,28438303,51.0,92.0,91.0,R,Jean-MarcVallée,"RachelWinter,RobbieBrenner",11-1-2013,27300000.0,8.0,475182,movie,Dallas Buyers Club,0,2013,117,"Biography,Drama"
113,113,A Madea Christmas,53396635,52543354,98.4,853281,1.6,,,,,,,,4.9,6353,movie,A Madea Christmas,0,2013,100,"Comedy,Drama,Romance"
114,114,Temptation: Confessions of a Marriage Counselor,53143144,51975354,97.8,1167790,2.2,,,,,,,,5.0,11870,movie,Temptation: Confessions of a Marriage Counselor,0,2013,111,"Drama,Romance,Thriller"
115,115,Delivery Man,53120346,30664106,57.7,22456240,42.3,40.0,47.0,PG-13,KenScott,AndreRouleau,11-22-2013,30700000.0,6.3,78258,movie,Delivery Man,0,2013,105,"Comedy,Drama"
116,116,The 100 Year-Old Man Who Climbed Out the Window and Disappeared,51167572,944193,1.8,50223379,98.2,68.0,69.0,R,FelixHerngren,"MalteForssell,FelixHerngren,HenrikJansson-Schweizer,PatrickNebout",5-1-2015,923.9K,7.1,40199,movie,Hundraåringen som klev ut genom fönstret och försvann,0,2013,114,"Adventure,Comedy"
117,117,Dragon Ball Z: Battle of Gods,50461371,2553002,5.1,47908369,94.9,88.0,80.0,,MasahiroHosoda,,,,7.2,27683,movie,Dragon Ball Z: Doragon bôru Z - Kami to Kami,0,2013,85,"Action,Adventure,Animation"
118,118,The Berlin File,48972848,665210,1.4,48307638,98.6,43.0,58.0,,RyooSeung-wan,"HanJae-deok,Su-RanKuk",2-15-2013,,6.6,7120,movie,Bereullin,0,2013,121,"Action,Thriller"
119,119,Her,48517427,25568251,52.7,22949176,47.3,94.0,82.0,R,SpikeJonze,"MeganEllison,SpikeJonze,VincentLanday",1-10-2014,25600000.0,8.0,588230,movie,Her,0,2013,126,"Drama,Romance,Sci-Fi"
120,120,Homefront,48449416,20158898,41.6,28290518,58.4,42.0,61.0,R,GaryFleder,"SylvesterStallone,KevinKingTempleton,JohnThompson",11-27-2013,20100000.0,6.5,118278,movie,Homefront,0,2013,100,"Action,Crime,Thriller"
121,121,Homefront,48449416,20158898,41.6,28290518,58.4,42.0,61.0,R,GaryFleder,"SylvesterStallone,KevinKingTempleton,JohnThompson",11-27-2013,20100000.0,6.6,30,movie,The Things We Leave Behind,0,2013,111,Drama
122,122,The Last Stand,48330757,12050299,24.9,36280458,75.1,61.0,53.0,R,KimJee-woon,LorenzodiBonaventura,1-18-2013,12000000.0,6.3,137987,movie,The Last Stand,0,2013,107,"Action,Thriller,Western"
123,123,21 & Over,48065672,25682380,53.4,22383292,46.6,27.0,46.0,R,"JonLucas,ScottMoore","DavidHoberman,ToddLieberman,RyanKavanaugh,HugoShong",3-1-2013,25700000.0,5.8,74113,movie,21 & Over,0,2013,93,Comedy
124,124,Texas Chainsaw,47340586,34341945,72.5,12998641,27.5,19.0,40.0,R,JohnLuessenhop,CarlMazzocone,1-4-2013,,4.8,50460,movie,Texas Chainsaw 3D,0,2013,92,"Horror,Thriller"
125,125,Tiny Times 2.0,47289937,43788,<0.1,47246149,99.9,,27.0,,JingmingGuo,"JingmingGuo,ChaiZhiPing",,,3.4,1087,movie,Xiao shi dai 2: Qing mu shi dai,0,2013,113,"Comedy,Drama,Romance"
126,126,Switch,47164301,-,-,47164301,100.0,33.0,41.0,,FrédéricSchoendoerffer,"Jean-ChristopheGrangé,ÉricNévé,FrédéricSchoendoerffer",,,2.2,1862,movie,Tian ji: Fu chun shan ju tu,0,2013,120,"Action,Adventure,Crime"
127,127,Parker,46922566,17616641,37.5,29305925,62.5,40.0,48.0,R,TaylorHackford,"TaylorHackford,LesAlexander,SteveChasman,SidneyKimmel,JonathanMitchell",1-25-2013,17600000.0,6.2,121453,movie,Parker,0,2013,118,"Action,Crime,Thriller"
128,128,The Big Wedding,46522137,21819348,46.9,24702789,53.1,7.0,40.0,R,JustinZackham,"ClayPecorin,HarryJ.Ufland,AnthonyKatagas,JustinZackham,RichardSalvatore",4-26-2013,21800000.0,5.6,49444,movie,The Big Wedding,0,2013,90,"Comedy,Drama,Romance"
129,129,Badges of Fury,46495296,-,-,46495296,100.0,,23.0,,TszMingWong,ChuiBo-Chu,,,4.6,2896,movie,Bu er shen tan,0,2013,98,"Action,Comedy,Crime"
130,130,The World's End,46089287,26004851,56.4,20084436,43.6,89.0,71.0,R,EdgarWright,"NiraPark,TimBevan,EricFellner",8-23-2013,26000000.0,7.0,275591,movie,The World's End,0,2013,109,"Comedy,Sci-Fi"
131,131,Grudge Match,44907260,29807260,66.4,15100000,33.6,31.0,46.0,PG-13,PeterSegal,"BillGerber,MarkStevenJohnson,MichaelEwing,PeterSegal,RaviMehta",12-25-2013,29800000.0,6.4,60091,movie,Grudge Match,0,2013,113,"Comedy,Drama,Sport"
132,132,The White Storm,44670277,-,-,44670277,100.0,,60.0,R,BennyChanChi-Shun,,,,6.6,2541,movie,So duk,0,2013,140,"Action,Crime,Thriller"
133,133,Tarzan,44095996,-,-,44095996,100.0,20.0,33.0,PG,ReinhardKlooss,"RobertKulzer,ReinhardKlooss",5-9-2014,,4.8,12517,movie,Tarzan,0,2013,94,"Action,Adventure,Animation"
134,134,Secretly Greatly,43447199,-,-,43447199,100.0,,,,,,,,6.9,4311,movie,Eun-mil-ha-gae eui-dae-ha-gae,0,2013,124,"Action,Comedy,Drama"
135,135,"The Chef, The Actor, The Scoundrel",42970000,-,-,42970000,100.0,,50.0,,HuGuan,AiminJiao,,,5.6,688,movie,Chu zi Xi zi Pi zi,0,2013,108,"Action,Comedy,Drama"
136,136,Doraemon: Nobita's Secret Gadget Museum,42770271,-,-,42770271,100.0,,,,,,,,7.0,796,movie,Eiga Doraemon: Nobita to himitsu dougu myûjiamu,0,2013,100,"Action,Adventure,Animation"
137,137,Jobs,42128352,16131410,38.3,25996942,61.7,28.0,40.0,PG-13,JoshuaMichaelStern,"MarkHulme,JoshuaMichaelStern",8-16-2013,16100000.000000002,6.0,97446,movie,Jobs,0,2013,128,"Biography,Drama"
138,138,No Man's Land,41807712,-,-,41807712,100.0,38.0,72.0,PG-13,ConorAllyn,"RobAllyn,ConorAllyn,JakeAllyn,VictorAlmeida,JoelShapiro",1-22-2021,138.8K,7.3,2352,movie,Wu ren qu,0,2013,118,"Adventure,Crime,Drama"
139,139,Lupin III vs. Detective Conan: The Movie,41397727,-,-,41397727,100.0,,,,,,,,6.4,899,movie,Rupan Sansei vs Meitantei Conan: The Movie,0,2013,107,"Action,Animation,Crime"
140,140,Yolki 3,40267368,-,-,40267368,100.0,,,,,,,,5.4,1536,movie,Yolki 3,0,2013,100,"Comedy,Drama,Family"
141,141,Don Jon,39439355,24477704,62.1,14961651,37.9,80.0,58.0,R,JosephGordon-Levitt,RamBergman,9-27-2013,24500000.0,6.6,237429,movie,Don Jon,0,2013,90,"Comedy,Drama,Romance"
142,142,Cold Eyes,37795598,-,-,37795598,100.0,,,,,,,,7.1,7554,movie,Gam-si-ja-deul,0,2013,119,"Action,Crime,Thriller"
143,143,"Like Father, Like Son",37170163,334616,0.9,36835547,99.1,87.0,89.0,,HirokazuKoreeda,,1-17-2014,278.4K,7.8,24294,movie,Soshite chichi ni naru,0,2013,121,Drama
144,144,Detective Conan: Private Eye in the Distant Sea,36324232,-,-,36324232,100.0,,,,,,,,6.5,1230,movie,Meitantei Conan: Zekkai no puraibêto ai,0,2013,101,"Action,Adventure,Animation"
145,145,Dügün Dernek,36185741,-,-,36185741,100.0,,,,SelçukAydemir,NecatiAkpinar,,,7.1,22220,movie,Dügün Dernek,0,2013,106,Comedy
146,146,The Terror Live,35659824,-,-,35659824,100.0,,73.0,,KimByung-woo,Choon-YeonLee,8-9-2013,,7.1,6928,movie,Deu tae-ro ra-i-beu,0,2013,97,"Action,Crime,Thriller"
147,147,Hide and Seek,35461505,-,-,35461505,100.0,13.0,33.0,R,JoelDavidMoore,"DeclanBaldwin,FrancisChung,Tae-sungJeong",11-19-2021,,6.4,1975,movie,Sum-bakk-og-jil,0,2013,107,"Action,Horror,Mystery"
148,148,Blind Detective,34958596,-,-,34958596,100.0,55.0,48.0,,JohnnieTo,"JohnnieTo,Ka-FaiWai",,,6.4,3243,movie,Maang taam,0,2013,130,"Action,Comedy,Crime"
149,149,Broken City,34737199,19701164,56.7,15036035,43.3,28.0,40.0,R,AllenHughes,"RandallEmmett,MarkWahlberg,StephenLevinson,ArnonMilchan,TeddySchwartzman,AllenHughes,RemingtonChase",1-18-2013,19700000.0,6.1,79616,movie,Broken City,0,2013,109,"Action,Crime,Drama"
150,150,Inside Llewyn Davis,32935319,13235319,40.2,19700000,59.8,92.0,74.0,R,"JoelCoen,EthanCoen","ScottRudin,EthanCoen,JoelCoen",12-20-2013,13200000.0,7.4,150860,movie,Inside Llewyn Davis,0,2013,104,"Comedy,Drama,Music"
151,151,Serial Teachers,32849727,-,-,32849727,100.0,,,,,,,,5.1,3562,movie,Les profs,0,2013,88,Comedy
152,152,Midsummer's Equation,32514549,-,-,32514549,100.0,,59.0,,HiroshiNishitani,YoshihiroSuzuki,,,6.6,1005,movie,Manatsu no hôteishiki,0,2013,129,Mystery
153,153,Kevin Hart: Let Me Explain,32318051,32244051,99.8,74000,0.2,61.0,72.0,R,"LeslieSmall,TimStory",JeffClanagan,7-3-2013,32200000.000000004,6.7,8993,movie,Kevin Hart: Let Me Explain,0,2013,75,"Comedy,Documentary"
154,154,The After-Dinner Mysteries,32160741,-,-,32160741,100.0,,,,,,,,6.0,280,movie,Nazotoki wa dinâ no ato de,0,2013,121,Mystery
155,155,Underdogs,31775719,-,-,31775719,100.0,,54.0,PG,DougDearth,"DougDearth,BillFishman,TomRooker,DaveLatham",11-1-2013,33.9K,6.5,9548,movie,Metegol,0,2013,106,"Adventure,Animation,Family"
156,156,Underdogs,31775719,-,-,31775719,100.0,,54.0,PG,DougDearth,"DougDearth,BillFishman,TomRooker,DaveLatham",11-1-2013,33.9K,5.8,1012,movie,Underdogs,0,2013,102,"Drama,Family,Sport"
157,157,New World,31670607,457806,1.4,31212801,98.6,63.0,86.0,,ParkHoon-jung,"Woo-TaekKim,ParkMin-jung",3-22-2013,291.0K,7.6,22967,movie,Sinsegye,0,2013,135,"Action,Crime,Drama"
158,158,101 Proposals,31283838,-,-,31283838,100.0,,,,,,,,5.4,461,movie,101 ci qiu hun,0,2013,120,Romance
159,159,A Wedding Invitation,30665036,14350,<0.1,30650686,100.0,,57.0,,OhKi-hwan,"SanpingHan,SeoJonghae",,,6.1,475,movie,Fen shou he yue,0,2013,101,"Drama,Romance"
160,160,Silent Witness,29315945,-,-,29315945,100.0,,,,,,,,6.9,804,movie,Quan min mu ji,0,2013,119,"Drama,Mystery"
161,161,Special ID,29139936,12666,<0.1,29127270,100.0,56.0,26.0,R,ClarenceFok,"PeterPauTak-Hai,DonnieYen",3-7-2014,,5.5,4199,movie,Te shu shen fen,0,2013,99,"Action,Crime"
162,162,Kokowääh 2,28811936,-,-,28811936,100.0,,,,,,,,5.3,4005,movie,Kokowääh 2,0,2013,122,Comedy
163,163,The Suspect,28674130,218693,0.8,28455437,99.2,,63.0,,StuartConnelly,"ScottAronson,MaryJoBarthmaier,PaulBarthmaier,RobynK.Bennett",,,5.7,1472,movie,The Suspect,0,2013,98,Thriller
164,164,The Suspect,28674130,218693,0.8,28455437,99.2,,63.0,,StuartConnelly,"ScottAronson,MaryJoBarthmaier,PaulBarthmaier,RobynK.Bennett",,,6.8,6170,movie,Yong-eui-ja,0,2013,137,"Action,Thriller"
165,165,The Four 2,28599970,-,-,28599970,100.0,,,,,,,,5.8,1180,movie,Si da ming bu 2,0,2013,118,"Action,Adventure"
166,166,The Kiyosu Conference,28338665,-,-,28338665,100.0,,62.0,,KokiMitani,"KazutoshiWadakura,KugaMaeda",,,6.4,623,movie,Kiyosu kaigi,0,2013,138,"Comedy,History"
167,167,I Give It a Year,28328531,34657,0.1,28293874,99.9,51.0,38.0,R,DanMazer,"TimBevan,EricFellner,JaneHooks,KrisThykier",8-9-2013,32.5K,5.7,37088,movie,I Give It a Year,0,2013,97,"Comedy,Romance"
168,168,Mandela: Long Walk to Freedom,27985788,8323085,29.7,19662703,70.3,62.0,68.0,PG-13,JustinChadwick,"AnantSingh,DavidM.Thompson",12-25-2013,8300000.000000001,7.1,27698,movie,Mandela: Long Walk to Freedom,0,2013,141,"Biography,Drama,History"
169,169,Dark Skies,27858103,17418667,62.5,10439436,37.5,41.0,49.0,PG-13,ScottStewart,JasonBlum,2-22-2013,17400000.0,6.3,74935,movie,Dark Skies,0,2013,97,"Horror,Sci-Fi,Thriller"
170,170,Nebraska,27682872,17654912,63.8,10027960,36.2,91.0,83.0,R,AlexanderPayne,"AlbertBerga,RonYerxa",11-15-2013,17600000.0,7.7,116938,movie,Nebraska,0,2013,115,"Adventure,Comedy,Drama"
171,171,The Incredible Burt Wonderstone,27437881,22537881,82.1,4900000,17.9,38.0,33.0,PG-13,DonScardino,"ChrisBender,SteveCarell,JakeWeiner,TylerMitchell",3-15-2013,22500000.0,5.9,73079,movie,The Incredible Burt Wonderstone,0,2013,100,Comedy
172,172,Gorko!,27369902,-,-,27369902,100.0,,,,,,,,5.6,2746,movie,Gorko!,0,2013,100,Comedy
173,173,Khumba,27187375,1029,<0.1,27186346,100.0,44.0,44.0,,AnthonySilverston,"StuartForrest,JamesMiddleton,MikeBuckland,Jean-MichelKoenig",12-6-2013,,5.7,6061,movie,Khumba,0,2013,85,"Adventure,Animation,Family"
174,174,Mr. Go,26835201,-,-,26835201,100.0,,,,,,,,6.1,853,movie,Mi-seu-teo Go,0,2013,132,"Comedy,Drama,Sport"
175,175,The Break Up Man,26477012,-,-,26477012,100.0,,,,,,,,5.5,3695,movie,Schlussmacher,0,2013,110,Comedy
176,176,The Way Way Back,26474920,21506546,81.2,4968374,18.8,83.0,84.0,PG-13,"NatFaxon,JimRash","KevinJ.Walsh,TomRice",7-26-2013,21400000.0,7.4,147591,movie,The Way Way Back,0,2013,103,"Comedy,Drama"
177,177,We Are the Nobles,26433651,-,-,26433651,100.0,,,,,,,,7.3,9658,movie,Nosotros los Nobles,0,2013,108,Comedy
178,178,The Stolen Years,26249553,-,-,26249553,100.0,,92.0,,FernandoColomo,"FernandoColomo,BeatrizdelaGándara",9-11-1998,,6.2,1267,movie,Bei tou zou de na wu nian,0,2013,111,Romance
179,179,One Night Surprise,26220159,-,-,26220159,100.0,,17.0,,,,,,5.5,401,movie,One Night Surprise,0,2013,106,"Comedy,Romance"
180,180,Platinum Data,26052718,-,-,26052718,100.0,,50.0,,KeishiOhtomo,,,,5.7,520,movie,Purachina dêta,0,2013,133,"Mystery,Sci-Fi"
181,181,Gekijouban SPEC: Kurôzu - Zen no hen,25860404,-,-,25860404,100.0,,,,,,,,5.1,185,movie,Gekijouban SPEC: Kurôzu - Zen no hen,0,2013,\N,Action
182,182,Unbeatable,25816154,-,-,25816154,100.0,,,PG-13,AriPalitz,,6-12-2009,,7.2,2841,movie,Ji zhan,0,2013,122,"Action,Drama,Sport"
183,183,Man on the Edge,25774679,-,-,25774679,100.0,,,,Jin-gyuCho,,,,6.2,230,movie,Bak-su-geon-dal,0,2013,128,"Comedy,Crime,Drama"
184,184,Enough Said,25288872,17550872,69.4,7738000,30.6,95.0,75.0,PG-13,NicoleHolofcener,"AnthonyBregman,StefanieAzpiazu",9-18-2013,17500000.0,7.0,62295,movie,Enough Said,0,2013,93,"Comedy,Drama,Romance"
185,185,The Last Exorcism Part II,25051865,15179302,60.6,9872563,39.4,15.0,26.0,PG-13,EdGass-Donnelly,"EricNewman,EliRoth,MarcAbraham,ThomasA.Bliss",3-1-2013,15200000.0,4.0,16276,movie,The Last Exorcism Part II,0,2013,88,"Horror,Thriller"
186,186,"Me, Myself and Mum",24991467,-,-,24991467,100.0,83.0,67.0,,GuillaumeGallienne,"CyrilColbeau-Justin,Jean-BaptisteDupont,GuillaumeGallienne,AliceGirard",,,6.6,7647,movie,"Les garçons et Guillaume, à table!",0,2013,85,Comedy
187,187,The Tale of The Princess Kaguya,24434485,703232,2.9,23731253,97.1,100.0,90.0,PG,IsaoTakahata,"GeoffreyWexler,SeiichirôUjiie",10-17-2014,681.1K,8.0,44749,movie,Kaguya-hime no monogatari,0,2013,137,"Animation,Drama,Family"
188,188,The Great Beauty,24271739,2852400,11.8,21419339,88.2,91.0,80.0,,PaoloSorrentino,"FrancescaCima,FabioConversi,NicolaGiuliano,JérômeSeydoux",,2800000.0,7.7,88753,movie,La grande bellezza,0,2013,141,Drama
189,189,Trance,24261569,2328743,9.6,21932826,90.4,68.0,62.0,R,DannyBoyle,ChristianColson,4-5-2013,2300000.0,6.9,113295,movie,Trance,0,2013,101,"Crime,Drama,Mystery"
190,190,The Railway Man,24174885,4438438,18.4,19736447,81.6,66.0,68.0,R,JonathanTeplitzky,"ChrisBrown,BillCurbishley",4-11-2014,4400000.0,7.1,39779,movie,The Railway Man,0,2013,116,"Biography,Drama,Romance"
191,191,Out of Inferno,24109886,-,-,24109886,100.0,,40.0,PG-13,"OxideChunPang,DannyPang",,,,5.7,857,movie,Tao chu sheng tian,0,2013,107,"Action,Adventure,Drama"
192,192,Bring Happiness Home,23980000,-,-,23980000,100.0,,,,,,,,3.1,41,movie,Bring Happiness Home,0,2013,84,"Adventure,Comedy,Family"
193,193,Baggage Claim,22871096,21569509,94.3,1301587,5.7,15.0,48.0,PG-13,DavidE.Talbert,"StevenJ.Wolfe,DavidE.Talbert",9-27-2013,21600000.0,5.1,9221,movie,Baggage Claim,0,2013,96,"Comedy,Romance"
